resultId,raceId,driverId,position,fastestLapTime
26505,1132,1,1,01:29.4
26506,1132,830,2,01:29.0
26507,1132,846,3,01:29.3
26508,1132,857,4,01:28.7
26509,1132,832,5,01:28.3
26510,1132,807,6,01:29.8
26511,1132,840,7,01:29.9
26512,1132,4,8,01:29.7
26513,1132,848,9,01:29.7
26514,1132,852,10,01:30.2
26515,1132,858,11,01:30.0
26516,1132,825,12,01:30.1
26517,1132,817,13,01:30.7
26518,1132,844,14,01:29.7
26519,1132,822,15,01:31.3
26520,1132,839,16,01:30.9
26521,1132,815,17,01:29.7
26522,1132,855,18,01:31.0
26523,1132,847,null,01:31.3
26524,1132,842,null,null
26485,1131,847,1,01:09.2
26486,1131,857,2,01:08.7
26487,1131,832,3,01:09.3
26488,1131,1,4,01:09.6
26489,1131,830,5,01:07.7
26490,1131,807,6,01:10.2
26491,1131,815,7,01:09.7
26492,1131,825,8,01:10.1
26493,1131,817,9,01:10.4
26494,1131,842,10,01:09.6
26495,1131,844,11,01:09.6
26496,1131,839,12,01:09.6
26497,1131,840,13,01:10.1
26498,1131,852,14,01:10.3
26499,1131,848,15,01:10.4
26500,1131,822,16,01:10.4
26501,1131,855,17,01:10.5
26502,1131,4,18,01:07.7
26503,1131,858,19,01:10.4
26504,1131,846,20,01:08.0
26465,1130,830,1,01:17.8
26466,1130,846,2,01:17.1
26467,1130,1,3,01:17.8
26468,1130,847,4,01:18.3
26469,1130,844,5,01:17.9
26470,1130,832,6,01:18.5
26471,1130,857,7,01:17.9
26472,1130,815,8,01:17.8
26473,1130,842,9,01:19.0
26474,1130,839,10,01:19.0
26475,1130,807,11,01:18.6
26476,1130,4,12,01:18.3
26477,1130,855,13,01:18.8
26478,1130,840,14,01:19.3
26479,1130,817,15,01:19.5
26480,1130,822,16,01:19.6
26481,1130,825,17,01:19.8
26482,1130,848,18,01:19.1
26483,1130,852,19,01:19.4
26484,1130,858,20,01:20.2
26445,1129,830,1,01:15.6
26446,1129,846,2,01:15.6
26447,1129,847,3,01:14.9
26448,1129,1,4,01:14.9
26449,1129,857,5,01:16.2
26450,1129,4,6,01:16.3
26451,1129,840,7,01:16.8
26452,1129,817,8,01:17.1
26453,1129,842,9,01:17.0
26454,1129,839,10,01:17.0
26455,1129,807,11,01:16.7
26456,1129,825,12,01:16.5
26457,1129,822,13,01:17.3
26458,1129,852,14,01:17.3
26459,1129,855,15,01:17.3
26460,1129,832,null,01:19.0
26461,1129,848,null,01:19.4
26462,1129,815,null,01:18.8
26463,1129,844,null,01:26.0
26464,1129,858,null,01:26.5
26425,1128,844,1,null
26426,1128,857,2,null
26427,1128,832,3,null
26428,1128,846,4,null
26429,1128,847,5,null
26430,1128,830,6,null
26431,1128,1,7,null
26432,1128,852,8,null
26433,1128,848,9,null
26434,1128,842,10,null
26435,1128,4,11,null
26436,1128,817,12,null
26437,1128,822,13,null
26438,1128,840,14,null
26439,1128,858,15,null
26440,1128,855,16,null
26441,1128,839,null,null
26442,1128,815,null,null
26443,1128,807,null,null
26444,1128,825,null,null
26405,1127,830,1,01:20.4
26406,1127,846,2,01:20.0
26407,1127,844,3,01:19.9
26408,1127,857,4,01:19.9
26409,1127,832,5,01:20.2
26410,1127,1,6,01:20.3
26411,1127,847,7,01:18.6
26412,1127,815,8,01:19.7
26413,1127,840,9,01:20.6
26414,1127,852,10,01:20.9
26415,1127,807,11,01:21.7
26416,1127,825,12,01:21.0
26417,1127,817,13,01:21.6
26418,1127,839,14,01:21.3
26419,1127,855,15,01:21.0
26420,1127,842,16,01:21.4
26421,1127,858,17,01:21.2
26422,1127,822,18,01:21.5
26423,1127,4,19,01:19.0
26424,1127,848,null,01:21.3
26385,1126,846,1,01:31.0
26386,1126,830,2,01:31.3
26387,1126,844,3,01:31.1
26388,1126,815,4,01:30.9
26389,1126,832,5,01:30.9
26390,1126,1,6,01:31.2
26391,1126,852,7,01:31.7
26392,1126,847,8,01:31.9
26393,1126,4,9,01:31.7
26394,1126,839,10,01:32.0
26395,1126,807,11,01:31.9
26396,1126,842,12,01:32.1
26397,1126,857,13,01:30.6
26398,1126,855,14,01:32.0
26399,1126,817,15,01:32.1
26400,1126,822,16,01:32.1
26401,1126,840,17,01:31.6
26402,1126,848,18,01:30.8
26403,1126,825,19,01:31.8
26404,1126,858,null,01:33.5
26365,1125,830,1,01:38.4
26366,1125,846,2,01:38.8
26367,1125,815,3,01:39.4
26368,1125,844,4,01:39.4
26369,1125,832,5,01:39.8
26370,1125,847,6,01:40.1
26371,1125,4,7,01:37.8
26372,1125,857,8,01:39.7
26373,1125,1,9,01:40.8
26374,1125,807,10,01:40.8
26375,1125,839,11,01:40.9
26376,1125,848,12,01:40.8
26377,1125,842,13,01:39.2
26378,1125,855,14,01:38.6
26379,1125,840,15,01:39.4
26380,1125,825,16,01:41.1
26381,1125,858,17,01:41.0
26382,1125,817,null,01:41.0
26383,1125,852,null,01:41.6
26384,1125,822,null,01:41.3
26345,1124,830,1,01:33.7
26346,1124,815,2,01:33.9
26347,1124,832,3,01:33.8
26348,1124,844,4,01:35.0
26349,1124,846,5,01:35.2
26350,1124,4,6,01:34.7
26351,1124,847,7,01:34.4
26352,1124,857,8,01:34.8
26353,1124,1,9,01:34.0
26354,1124,852,10,01:36.3
26355,1124,807,11,01:35.3
26356,1124,840,12,01:35.8
26357,1124,825,13,01:36.7
26358,1124,822,14,01:36.6
26359,1124,839,15,01:36.2
26360,1124,842,16,01:36.6
26361,1124,858,17,01:34.9
26362,1124,855,null,01:37.2
26363,1124,817,null,null
26364,1124,848,null,null
26326,1123,832,1,01:20.0
26327,1123,844,2,01:19.8
26328,1123,846,3,01:19.9
26329,1123,857,4,01:20.2
26330,1123,815,5,01:20.4
26331,1123,840,6,01:20.9
26332,1123,852,7,01:21.1
26333,1123,4,8,01:20.5
26334,1123,807,9,01:21.1
26335,1123,825,10,01:21.1
26336,1123,848,11,01:21.6
26337,1123,817,12,01:21.2
26338,1123,842,13,01:21.1
26339,1123,822,14,01:21.4
26340,1123,855,15,01:21.3
26341,1123,839,16,01:21.4
26342,1123,847,17,01:20.3
26343,1123,1,null,01:22.4
26344,1123,830,null,01:23.1
26306,1122,830,1,01:31.8
26307,1122,815,2,01:32.3
26308,1122,844,3,01:31.6
26309,1122,857,4,01:32.3
26310,1122,4,5,01:32.4
26311,1122,847,6,01:32.3
26312,1122,860,7,01:32.2
26313,1122,846,8,01:31.9
26314,1122,1,9,01:31.7
26315,1122,807,10,01:32.4
26316,1122,848,11,01:32.3
26317,1122,825,12,01:32.3
26318,1122,839,13,01:33.5
26319,1122,858,14,01:33.5
26320,1122,852,15,01:33.0
26321,1122,817,16,01:33.3
26322,1122,822,17,01:32.7
26323,1122,855,18,01:32.2
26324,1122,840,null,01:35.6
26325,1122,842,null,null
26286,1121,830,1,01:32.6
26287,1121,815,2,01:34.4
26288,1121,832,3,01:34.5
26289,1121,844,4,01:34.1
26290,1121,847,5,01:35.1
26291,1121,846,6,01:34.5
26292,1121,1,7,01:34.7
26293,1121,857,8,01:35.0
26294,1121,4,9,01:34.2
26295,1121,840,10,01:35.6
26296,1121,855,11,01:35.5
26297,1121,825,12,01:35.6
26298,1121,817,13,01:35.2
26299,1121,852,14,01:35.8
26300,1121,848,15,01:35.7
26301,1121,807,16,01:34.8
26302,1121,839,17,01:36.2
26303,1121,842,18,01:34.8
26304,1121,822,19,01:36.2
26305,1121,858,20,01:34.7
26266,1120,830,1,01:27.0
26267,1120,844,2,01:28.2
26268,1120,847,3,01:28.2
26269,1120,815,4,01:27.5
26270,1120,846,5,01:28.2
26271,1120,857,6,01:28.1
26272,1120,4,7,01:28.3
26273,1120,852,8,01:29.3
26274,1120,1,9,01:28.4
26275,1120,840,10,01:28.1
26276,1120,817,11,01:28.6
26277,1120,839,12,01:30.0
26278,1120,842,13,01:29.0
26279,1120,848,14,01:27.8
26280,1120,807,15,01:29.2
26281,1120,858,16,01:28.6
26282,1120,855,17,01:28.7
26283,1120,832,18,01:29.5
26284,1120,822,19,01:29.9
26285,1120,825,20,01:29.9
26246,1119,830,1,01:35.6
26247,1119,844,2,01:35.7
26248,1119,815,3,01:35.9
26249,1119,839,4,01:36.6
26250,1119,840,5,01:36.6
26251,1119,832,6,01:36.0
26252,1119,1,7,01:35.7
26253,1119,847,8,01:36.1
26254,1119,4,9,01:36.6
26255,1119,857,10,01:35.5
26256,1119,842,11,01:36.9
26257,1119,848,12,01:37.4
26258,1119,825,13,01:37.5
26259,1119,817,14,01:37.1
26260,1119,855,15,01:37.4
26261,1119,858,16,01:37.7
26262,1119,822,17,01:37.6
26263,1119,852,18,01:37.6
26264,1119,807,19,01:37.6
26265,1119,846,null,01:59.3
26226,1118,830,1,01:13.4
26227,1118,846,2,01:12.5
26228,1118,4,3,01:14.4
26229,1118,815,4,01:14.1
26230,1118,840,5,01:14.0
26231,1118,832,6,01:14.4
26232,1118,842,7,01:14.5
26233,1118,1,8,01:14.7
26234,1118,852,9,01:14.2
26235,1118,839,10,01:14.2
26236,1118,858,11,01:15.7
26237,1118,807,12,01:15.0
26238,1118,817,13,01:13.9
26239,1118,857,14,01:14.3
26240,1118,847,null,01:14.9
26241,1118,822,null,01:15.7
26242,1118,855,null,01:16.2
26243,1118,825,null,null
26244,1118,848,null,null
26245,1118,844,null,null
26206,1117,830,1,01:21.6
26207,1117,1,2,01:21.3
26208,1117,844,3,01:22.3
26209,1117,832,4,01:22.5
26210,1117,846,5,01:21.9
26211,1117,847,6,01:22.8
26212,1117,817,7,01:22.7
26213,1117,857,8,01:22.8
26214,1117,848,9,01:22.8
26215,1117,839,10,01:23.0
26216,1117,842,11,01:23.2
26217,1117,852,12,01:22.5
26218,1117,807,13,01:23.2
26219,1117,855,14,01:23.6
26220,1117,822,15,01:23.2
26221,1117,858,16,01:23.0
26222,1117,840,17,01:23.3
26223,1117,4,null,01:23.5
26224,1117,825,null,01:23.1
26225,1117,815,null,null
26186,1116,830,1,01:40.0
26187,1116,846,2,01:40.0
26188,1116,832,3,01:40.0
26189,1116,815,4,01:39.7
26190,1116,847,5,01:39.4
26191,1116,842,6,01:40.4
26192,1116,840,7,01:39.9
26193,1116,852,8,01:38.1
26194,1116,848,9,01:41.4
26195,1116,858,10,01:41.2
26196,1116,807,11,01:40.9
26197,1116,822,12,01:42.0
26198,1116,855,13,01:41.9
26199,1116,825,14,01:41.5
26200,1116,817,15,01:39.4
26201,1116,4,null,01:40.0
26202,1116,857,null,01:42.7
26203,1116,839,null,01:44.8
26204,1116,1,null,01:39.6
26205,1116,844,null,null
26166,1115,830,1,01:24.3
26167,1115,857,2,01:24.9
26168,1115,846,3,01:24.8
26169,1115,847,4,01:25.8
26170,1115,844,5,01:25.0
26171,1115,4,6,01:26.0
26172,1115,839,7,01:26.5
26173,1115,822,8,01:26.7
26174,1115,855,9,01:26.3
26175,1115,815,10,01:26.2
26176,1115,840,11,01:26.4
26177,1115,842,12,01:26.3
26178,1115,848,13,01:26.7
26179,1115,825,14,01:27.1
26180,1115,852,15,01:27.2
26181,1115,807,16,01:26.5
26182,1115,859,17,01:27.1
26183,1115,858,null,01:28.0
26184,1115,1,null,null
26185,1115,832,null,null
26146,1114,830,1,01:34.2
26147,1114,846,2,01:35.2
26148,1114,857,3,01:36.3
26149,1114,844,4,01:36.4
26150,1114,1,5,01:35.6
26151,1114,832,6,01:36.2
26152,1114,847,7,01:37.7
26153,1114,4,8,01:37.2
26154,1114,839,9,01:37.4
26155,1114,842,10,01:36.4
26156,1114,859,11,01:38.3
26157,1114,852,12,01:37.8
26158,1114,855,13,01:37.8
26159,1114,807,14,01:37.3
26160,1114,825,15,01:37.8
26161,1114,848,null,01:39.2
26162,1114,858,null,01:38.8
26163,1114,840,null,01:39.0
26164,1114,815,null,01:39.7
26165,1114,822,null,02:02.8
26126,1113,832,1,01:37.7
26127,1113,846,2,01:38.0
26128,1113,1,3,01:35.9
26129,1113,844,4,01:38.3
26130,1113,830,5,01:36.6
26131,1113,842,6,01:38.3
26132,1113,857,7,01:38.5
26133,1113,815,8,01:37.1
26134,1113,859,9,01:39.0
26135,1113,825,10,01:38.1
26136,1113,848,11,01:37.3
26137,1113,855,12,01:39.3
26138,1113,807,13,01:39.9
26139,1113,858,14,01:38.5
26140,1113,4,15,01:36.5
26141,1113,847,16,01:36.3
26142,1113,822,null,01:38.1
26143,1113,839,null,01:39.9
26144,1113,852,null,null
26145,1113,840,null,null
26106,1112,830,1,01:25.2
26107,1112,815,2,01:25.5
26108,1112,832,3,01:25.5
26109,1112,844,4,01:25.6
26110,1112,847,5,01:25.8
26111,1112,1,6,01:25.6
26112,1112,848,7,01:26.4
26113,1112,846,8,01:26.1
26114,1112,4,9,01:26.1
26115,1112,822,10,01:26.0
26116,1112,859,11,01:25.8
26117,1112,857,12,01:25.1
26118,1112,858,13,01:26.8
26119,1112,855,14,01:26.0
26120,1112,842,15,01:25.8
26121,1112,840,16,01:26.6
26122,1112,807,17,01:25.9
26123,1112,825,18,01:26.3
26124,1112,839,null,01:27.0
26125,1112,852,null,null
26086,1111,830,1,01:13.9
26087,1111,4,2,01:13.8
26088,1111,842,3,01:14.4
26089,1111,815,4,01:14.2
26090,1111,832,5,01:14.9
26091,1111,1,6,01:13.9
26092,1111,846,7,01:14.4
26093,1111,848,8,01:14.5
26094,1111,857,9,01:14.3
26095,1111,839,10,01:14.6
26096,1111,840,11,01:15.2
26097,1111,807,12,01:14.5
26098,1111,859,13,01:14.8
26099,1111,822,14,01:14.7
26100,1111,852,15,01:16.3
26101,1111,825,16,01:15.5
26102,1111,847,17,01:15.1
26103,1111,855,null,01:15.4
26104,1111,844,null,01:17.3
26105,1111,858,null,01:17.4
26066,1110,830,1,01:48.9
26067,1110,815,2,01:50.3
26068,1110,844,3,01:50.4
26069,1110,1,4,01:47.3
26070,1110,4,5,01:50.9
26071,1110,847,6,01:50.6
26072,1110,846,7,01:51.7
26073,1110,839,8,01:50.4
26074,1110,840,9,01:51.3
26075,1110,852,10,01:51.4
26076,1110,842,11,01:50.9
26077,1110,822,12,01:50.5
26078,1110,855,13,01:50.2
26079,1110,848,14,01:49.8
26080,1110,825,15,01:51.0
26081,1110,817,16,01:51.0
26082,1110,858,17,01:50.5
26083,1110,807,18,01:49.9
26084,1110,832,null,01:53.1
26085,1110,857,null,null
26046,1109,830,1,01:20.5
26047,1109,846,2,01:22.2
26048,1109,815,3,01:22.3
26049,1109,1,4,01:21.6
26050,1109,857,5,01:22.7
26051,1109,847,6,01:22.2
26052,1109,844,7,01:22.5
26053,1109,832,8,01:22.6
26054,1109,4,9,01:22.7
26055,1109,840,10,01:23.4
26056,1109,848,11,01:24.1
26057,1109,822,12,01:23.7
26058,1109,817,13,01:23.9
26059,1109,807,14,01:23.6
26060,1109,852,15,01:23.3
26061,1109,855,16,01:23.7
26062,1109,825,17,01:23.9
26063,1109,858,null,01:23.5
26064,1109,839,null,null
26065,1109,842,null,null
26026,1108,830,1,01:30.3
26027,1108,846,2,01:30.5
26028,1108,1,3,01:30.5
26029,1108,857,4,01:30.9
26030,1108,847,5,01:31.1
26031,1108,815,6,01:30.9
26032,1108,4,7,01:31.3
26033,1108,848,8,01:31.3
26034,1108,844,9,01:31.3
26035,1108,832,10,01:31.4
26036,1108,858,11,01:31.7
26037,1108,822,12,01:31.9
26038,1108,807,13,01:31.8
26039,1108,840,14,01:31.5
26040,1108,855,15,01:31.8
26041,1108,852,16,01:32.1
26042,1108,856,17,01:32.4
26043,1108,842,18,01:31.5
26044,1108,825,null,01:33.4
26045,1108,839,null,01:33.9
26006,1107,830,1,01:07.0
26007,1107,844,2,01:08.8
26008,1107,815,3,01:08.1
26009,1107,846,4,01:08.7
26010,1107,4,5,01:09.1
26011,1107,832,6,01:08.9
26012,1107,847,7,01:09.3
26013,1107,1,8,01:09.2
26014,1107,840,9,01:08.5
26015,1107,842,10,01:09.0
26016,1107,848,11,01:09.6
26017,1107,855,12,01:09.8
26018,1107,858,13,01:09.6
26019,1107,839,14,01:09.8
26020,1107,822,15,01:09.9
26021,1107,857,16,01:09.9
26022,1107,856,17,01:09.9
26023,1107,825,18,01:10.2
26024,1107,852,19,01:09.6
26025,1107,807,null,01:11.1
25986,1106,830,1,01:15.6
25987,1106,4,2,01:15.8
25988,1106,1,3,01:15.4
25989,1106,844,4,01:15.9
25990,1106,832,5,01:15.9
25991,1106,815,6,01:14.5
25992,1106,848,7,01:16.9
25993,1106,839,8,01:16.8
25994,1106,840,9,01:16.6
25995,1106,822,10,01:16.6
25996,1106,857,11,01:16.6
25997,1106,842,12,01:16.4
25998,1106,846,13,01:16.4
25999,1106,852,14,01:16.7
26000,1106,807,15,01:17.2
26001,1106,855,16,01:17.1
26002,1106,825,17,01:16.1
26003,1106,856,18,01:16.7
26004,1106,847,null,01:17.1
26005,1106,858,null,01:18.4
25966,1105,830,1,01:16.3
25967,1105,1,2,01:16.7
25968,1105,847,3,01:17.9
25969,1105,815,4,01:16.7
25970,1105,832,5,01:18.4
25971,1105,840,6,01:18.7
25972,1105,4,7,01:18.1
25973,1105,839,8,01:18.9
25974,1105,855,9,01:18.8
25975,1105,842,10,01:18.4
25976,1105,844,11,01:18.4
25977,1105,852,12,01:18.9
25978,1105,857,13,01:18.7
25979,1105,856,14,01:18.6
25980,1105,807,15,01:18.8
25981,1105,848,16,01:19.1
25982,1105,846,17,01:17.2
25983,1105,825,18,01:18.1
25984,1105,822,19,01:18.2
25985,1105,858,20,01:19.2
25946,1104,830,1,01:16.6
25947,1104,4,2,01:16.7
25948,1104,839,3,01:16.5
25949,1104,1,4,01:15.7
25950,1104,847,5,01:16.8
25951,1104,844,6,01:15.8
25952,1104,842,7,01:15.8
25953,1104,832,8,01:16.4
25954,1104,846,9,01:17.8
25955,1104,857,10,01:17.5
25956,1104,822,11,01:17.8
25957,1104,856,12,01:17.6
25958,1104,855,13,01:16.9
25959,1104,848,14,01:16.7
25960,1104,852,15,01:17.7
25961,1104,815,16,01:16.3
25962,1104,807,17,01:17.0
25963,1104,858,18,01:17.3
25964,1104,825,null,01:18.4
25965,1104,840,null,01:17.8
25926,1102,830,1,01:29.7
25927,1102,815,2,01:30.6
25928,1102,4,3,01:30.5
25929,1102,847,4,01:31.0
25930,1102,832,5,01:31.4
25931,1102,1,6,01:30.7
25932,1102,844,7,01:31.4
25933,1102,842,8,01:32.0
25934,1102,839,9,01:31.1
25935,1102,825,10,01:31.7
25936,1102,852,11,01:31.0
25937,1102,840,12,01:30.9
25938,1102,822,13,01:31.8
25939,1102,848,14,01:31.9
25940,1102,807,15,01:30.9
25941,1102,855,16,01:31.7
25942,1102,846,17,01:32.4
25943,1102,856,18,01:31.6
25944,1102,857,19,01:32.0
25945,1102,858,20,01:32.4
25906,1101,815,1,01:44.6
25907,1101,830,2,01:44.2
25908,1101,844,3,01:44.6
25909,1101,4,4,01:44.2
25910,1101,832,5,01:45.2
25911,1101,1,6,01:45.3
25912,1101,840,7,01:45.6
25913,1101,847,8,01:43.4
25914,1101,846,9,01:45.7
25915,1101,852,10,01:45.7
25916,1101,857,11,01:45.6
25917,1101,848,12,01:45.9
25918,1101,825,13,01:45.9
25919,1101,842,14,01:45.5
25920,1101,839,15,01:45.9
25921,1101,858,16,01:46.5
25922,1101,807,17,01:46.7
25923,1101,822,18,01:46.3
25924,1101,855,null,01:47.6
25925,1101,856,null,01:48.8
25886,1100,830,1,01:20.3
25887,1100,1,2,01:20.6
25888,1100,4,3,01:20.5
25889,1100,840,4,01:20.9
25890,1100,815,5,01:20.2
25891,1100,846,6,01:21.2
25892,1100,807,7,01:21.1
25893,1100,857,8,01:21.3
25894,1100,855,9,01:21.8
25895,1100,852,10,01:21.8
25896,1100,822,11,01:22.2
25897,1100,832,12,01:20.5
25898,1100,842,13,01:21.0
25899,1100,839,14,01:21.2
25900,1100,856,15,01:21.2
25901,1100,858,16,01:21.5
25902,1100,825,17,01:21.7
25903,1100,847,null,01:22.7
25904,1100,848,null,01:23.3
25905,1100,844,null,null
25866,1099,815,1,01:32.2
25867,1099,830,2,01:31.9
25868,1099,4,3,01:32.2
25869,1099,847,4,01:32.4
25870,1099,1,5,01:32.9
25871,1099,832,6,01:32.8
25872,1099,844,7,01:33.1
25873,1099,839,8,01:33.2
25874,1099,842,9,01:33.4
25875,1099,825,10,01:33.4
25876,1099,852,11,01:33.9
25877,1099,807,12,01:33.8
25878,1099,855,13,01:33.9
25879,1099,856,14,01:33.6
25880,1099,857,15,01:34.3
25881,1099,858,16,01:34.5
25882,1099,846,17,01:34.1
25883,1099,822,18,01:34.4
25884,1099,848,null,01:35.6
25885,1099,840,null,01:35.1
25846,1098,830,1,01:36.2
25847,1098,815,2,01:36.3
25848,1098,4,3,01:36.2
25849,1098,832,4,01:37.1
25850,1098,1,5,01:36.5
25851,1098,840,6,01:36.5
25852,1098,847,7,01:37.2
25853,1098,822,8,01:37.4
25854,1098,842,9,01:35.1
25855,1098,848,10,01:37.1
25856,1098,852,11,01:36.6
25857,1098,858,12,01:36.0
25858,1098,825,13,01:36.5
25859,1098,856,14,01:37.7
25860,1098,807,15,01:36.6
25861,1098,855,16,01:34.0
25862,1098,846,17,01:35.8
25863,1098,839,null,01:36.8
25864,1098,844,null,01:37.2
25865,1098,857,null,01:40.7
25826,1096,830,1,01:29.4
25827,1096,844,2,01:29.7
25828,1096,815,3,01:29.0
25829,1096,832,4,01:28.9
25830,1096,847,5,01:28.8
25831,1096,846,6,01:28.4
25832,1096,839,7,01:29.3
25833,1096,840,8,01:29.6
25834,1096,817,9,01:30.8
25835,1096,20,10,01:30.3
25836,1096,852,11,01:29.5
25837,1096,855,12,01:29.6
25838,1096,848,13,01:29.9
25839,1096,842,14,01:31.1
25840,1096,822,15,01:30.4
25841,1096,854,16,01:29.8
25842,1096,825,17,01:31.2
25843,1096,1,18,01:29.8
25844,1096,849,19,01:30.3
25845,1096,4,null,01:30.6
25806,1095,847,1,01:13.8
25807,1095,1,2,01:13.9
25808,1095,832,3,01:14.0
25809,1095,844,4,01:14.3
25810,1095,4,5,01:14.2
25811,1095,830,6,01:14.2
25812,1095,815,7,01:14.3
25813,1095,839,8,01:15.1
25814,1095,822,9,01:15.5
25815,1095,840,10,01:14.8
25816,1095,20,11,01:15.5
25817,1095,855,12,01:15.8
25818,1095,854,13,01:15.3
25819,1095,842,14,01:15.3
25820,1095,848,15,01:15.6
25821,1095,849,16,01:15.3
25822,1095,852,17,01:15.5
25823,1095,846,null,01:15.9
25824,1095,825,null,null
25825,1095,817,null,null
25786,1094,830,1,01:22.0
25787,1094,1,2,01:22.1
25788,1094,815,3,01:21.8
25789,1094,847,4,01:20.2
25790,1094,832,5,01:22.2
25791,1094,844,6,01:22.6
25792,1094,817,7,01:22.0
25793,1094,839,8,01:23.3
25794,1094,846,9,01:23.4
25795,1094,822,10,01:23.4
25796,1094,842,11,01:22.3
25797,1094,848,12,01:22.9
25798,1094,855,13,01:22.3
25799,1094,20,14,01:23.1
25800,1094,840,15,01:22.5
25801,1094,854,16,01:23.6
25802,1094,825,17,01:23.3
25803,1094,849,18,01:23.7
25804,1094,4,19,01:22.9
25805,1094,852,null,01:23.4
25766,1093,830,1,01:39.5
25767,1093,1,2,01:39.8
25768,1093,844,3,01:39.7
25769,1093,815,4,01:39.6
25770,1093,847,5,01:38.8
25771,1093,846,6,01:41.3
25772,1093,4,7,01:41.5
25773,1093,20,8,01:42.5
25774,1093,825,9,01:42.2
25775,1093,852,10,01:41.2
25776,1093,839,11,01:42.4
25777,1093,855,12,01:42.5
25778,1093,848,13,01:41.7
25779,1093,842,14,01:42.3
25780,1093,854,15,01:41.8
25781,1093,817,16,01:42.4
25782,1093,849,17,01:43.5
25783,1093,840,null,01:43.1
25784,1093,822,null,01:43.4
25785,1093,832,null,null
25746,1092,830,1,01:44.9
25747,1092,815,2,01:46.1
25748,1092,844,3,01:44.5
25749,1092,839,4,01:46.6
25750,1092,1,5,01:45.5
25751,1092,20,6,01:47.0
25752,1092,4,7,01:44.4
25753,1092,847,8,01:47.0
25754,1092,849,9,01:48.4
25755,1092,846,10,01:48.2
25756,1092,817,11,01:47.8
25757,1092,840,12,01:45.2
25758,1092,852,13,01:45.9
25759,1092,825,14,01:48.1
25760,1092,822,15,01:47.8
25761,1092,855,16,01:44.4
25762,1092,854,17,01:45.4
25763,1092,842,18,01:46.5
25764,1092,832,null,null
25765,1092,848,null,null
25726,1091,815,1,01:48.2
25727,1091,844,2,01:48.8
25728,1091,832,3,01:48.4
25729,1091,846,4,01:49.2
25730,1091,817,5,01:51.0
25731,1091,840,6,01:50.3
25732,1091,830,7,01:49.1
25733,1091,20,8,01:50.7
25734,1091,1,9,01:50.6
25735,1091,842,10,01:50.6
25736,1091,822,11,01:51.9
25737,1091,825,12,01:52.1
25738,1091,854,13,01:50.3
25739,1091,847,14,01:46.5
25740,1091,852,null,01:58.7
25741,1091,839,null,02:01.1
25742,1091,848,null,02:02.1
25743,1091,4,null,02:00.5
25744,1091,849,null,02:05.6
25745,1091,855,null,02:05.6
25706,1089,830,1,01:24.7
25707,1089,844,2,01:24.3
25708,1089,847,3,01:25.3
25709,1089,832,4,01:24.4
25710,1089,1,5,01:24.4
25711,1089,815,6,01:24.0
25712,1089,846,7,01:24.7
25713,1089,842,8,01:26.7
25714,1089,856,9,01:26.6
25715,1089,855,10,01:26.4
25716,1089,839,11,01:26.6
25717,1089,854,12,01:25.3
25718,1089,822,13,01:25.7
25719,1089,852,14,01:26.9
25720,1089,849,15,01:26.8
25721,1089,825,16,01:26.8
25722,1089,817,null,01:26.6
25723,1089,840,null,01:27.5
25724,1089,4,null,01:27.2
25725,1089,20,null,01:27.5
25686,1088,830,1,01:13.7
25687,1088,847,2,01:13.7
25688,1088,844,3,01:14.4
25689,1088,1,4,01:13.9
25690,1088,815,5,01:14.4
25691,1088,4,6,01:14.1
25692,1088,846,7,01:14.7
25693,1088,832,8,01:14.6
25694,1088,839,9,01:15.1
25695,1088,840,10,01:15.0
25696,1088,842,11,01:15.2
25697,1088,848,12,01:15.5
25698,1088,854,13,01:15.2
25699,1088,20,14,01:14.9
25700,1088,825,15,01:15.4
25701,1088,855,16,01:15.9
25702,1088,817,17,01:15.6
25703,1088,849,18,01:16.1
25704,1088,822,null,01:16.8
25705,1088,852,null,01:17.1
25666,1087,830,1,01:49.4
25667,1087,815,2,01:50.8
25668,1087,832,3,01:52.0
25669,1087,847,4,01:50.8
25670,1087,4,5,01:52.9
25671,1087,844,6,01:50.0
25672,1087,839,7,01:51.7
25673,1087,20,8,01:52.5
25674,1087,842,9,01:53.0
25675,1087,848,10,01:53.1
25676,1087,840,11,01:52.9
25677,1087,846,12,01:51.7
25678,1087,852,13,01:52.4
25679,1087,855,14,01:52.3
25680,1087,817,15,01:53.1
25681,1087,825,16,01:53.3
25682,1087,854,17,01:52.6
25683,1087,849,18,01:52.3
25684,1087,822,null,null
25685,1087,1,null,null
25646,1086,830,1,01:22.1
25647,1086,1,2,01:21.4
25648,1086,847,3,01:22.8
25649,1086,832,4,01:22.0
25650,1086,815,5,01:21.9
25651,1086,844,6,01:21.6
25652,1086,846,7,01:23.0
25653,1086,4,8,01:24.0
25654,1086,839,9,01:24.1
25655,1086,20,10,01:22.8
25656,1086,840,11,01:22.4
25657,1086,842,12,01:23.2
25658,1086,855,13,01:22.0
25659,1086,854,14,01:23.2
25660,1086,817,15,01:23.7
25661,1086,825,16,01:23.5
25662,1086,848,17,01:23.0
25663,1086,849,18,01:22.5
25664,1086,852,19,01:23.5
25665,1086,822,20,01:24.0
25626,1085,830,1,01:37.5
25627,1085,1,2,01:37.7
25628,1085,847,3,01:37.5
25629,1085,815,4,01:37.8
25630,1085,832,5,01:35.8
25631,1085,4,6,01:38.2
25632,1085,846,7,01:39.0
25633,1085,839,8,01:38.7
25634,1085,817,9,01:39.1
25635,1085,840,10,01:39.2
25636,1085,20,11,01:39.0
25637,1085,842,12,01:38.8
25638,1085,848,13,01:39.2
25639,1085,822,14,01:38.0
25640,1085,854,15,01:39.1
25641,1085,855,16,01:39.4
25642,1085,849,null,01:39.7
25643,1085,825,null,01:39.3
25644,1085,844,null,01:38.1
25645,1085,852,null,01:40.2
25606,1084,844,1,01:07.6
25607,1084,830,2,01:07.3
25608,1084,1,3,01:09.0
25609,1084,847,4,01:09.1
25610,1084,839,5,01:09.6
25611,1084,854,6,01:09.6
25612,1084,846,7,01:09.3
25613,1084,825,8,01:09.9
25614,1084,817,9,01:09.9
25615,1084,4,10,01:08.6
25616,1084,822,11,01:09.3
25617,1084,848,12,01:09.7
25618,1084,840,13,01:10.0
25619,1084,855,14,01:09.4
25620,1084,842,15,01:10.1
25621,1084,852,16,01:10.0
25622,1084,20,17,01:10.0
25623,1084,832,null,01:08.6
25624,1084,849,null,01:10.9
25625,1084,815,null,01:11.8
25586,1083,832,1,01:30.8
25587,1083,815,2,01:30.9
25588,1083,1,3,01:30.5
25589,1083,844,4,01:31.3
25590,1083,4,5,01:31.6
25591,1083,846,6,01:31.6
25592,1083,830,7,01:32.4
25593,1083,854,8,01:32.1
25594,1083,20,9,01:32.5
25595,1083,825,10,01:32.7
25596,1083,840,11,01:32.4
25597,1083,849,12,01:33.3
25598,1083,817,13,01:32.6
25599,1083,852,14,01:33.8
25600,1083,839,null,01:33.5
25601,1083,842,null,01:34.6
25602,1083,822,null,01:35.1
25603,1083,847,null,null
25604,1083,855,null,null
25605,1083,848,null,null
25566,1082,830,1,01:15.8
25567,1082,832,2,01:15.7
25568,1082,1,3,01:16.2
25569,1082,847,4,01:16.4
25570,1082,844,5,01:15.9
25571,1082,839,6,01:17.1
25572,1082,822,7,01:17.0
25573,1082,855,8,01:16.9
25574,1082,4,9,01:16.6
25575,1082,840,10,01:17.4
25576,1082,817,11,01:17.9
25577,1082,20,12,01:18.0
25578,1082,848,13,01:18.0
25579,1082,842,14,01:17.8
25580,1082,846,15,01:17.5
25581,1082,849,16,01:18.5
25582,1082,825,17,01:18.0
25583,1082,852,null,01:18.3
25584,1082,854,null,01:19.0
25585,1082,815,null,01:18.8
25546,1081,830,1,01:46.1
25547,1081,815,2,01:46.0
25548,1081,847,3,01:47.2
25549,1081,1,4,01:47.0
25550,1081,842,5,01:48.5
25551,1081,20,6,01:48.2
25552,1081,4,7,01:48.0
25553,1081,817,8,01:48.3
25554,1081,846,9,01:48.0
25555,1081,839,10,01:48.3
25556,1081,822,11,01:48.2
25557,1081,848,12,01:48.0
25558,1081,852,13,01:47.5
25559,1081,854,14,01:48.4
25560,1081,849,15,01:49.6
25561,1081,840,16,01:48.0
25562,1081,825,null,01:48.8
25563,1081,855,null,01:48.7
25564,1081,844,null,01:47.5
25565,1081,832,null,01:49.0
25526,1080,815,1,01:16.0
25527,1080,832,2,01:16.4
25528,1080,830,3,01:16.1
25529,1080,844,4,01:16.2
25530,1080,847,5,01:16.8
25531,1080,846,6,01:14.7
25532,1080,4,7,01:15.9
25533,1080,1,8,01:17.2
25534,1080,822,9,01:17.6
25535,1080,20,10,01:17.6
25536,1080,842,11,01:17.3
25537,1080,839,12,01:17.6
25538,1080,817,13,01:17.5
25539,1080,840,14,01:17.7
25540,1080,849,15,01:18.6
25541,1080,855,16,01:18.2
25542,1080,852,17,01:15.3
25543,1080,848,null,01:18.0
25544,1080,854,null,01:24.8
25545,1080,825,null,01:33.8
25506,1079,830,1,01:25.5
25507,1079,815,2,01:24.1
25508,1079,847,3,01:24.6
25509,1079,832,4,01:26.0
25510,1079,1,5,01:24.3
25511,1079,822,6,01:26.4
25512,1079,839,7,01:25.9
25513,1079,846,8,01:25.6
25514,1079,4,9,01:26.6
25515,1079,852,10,01:26.8
25516,1079,20,11,01:27.6
25517,1079,817,12,01:27.3
25518,1079,842,13,01:27.0
25519,1079,854,14,01:27.4
25520,1079,840,15,01:26.9
25521,1079,849,16,01:27.2
25522,1079,825,17,01:27.5
25523,1079,848,18,01:28.3
25524,1079,855,null,01:28.4
25525,1079,844,null,01:27.0
25486,1078,830,1,01:31.4
25487,1078,844,2,01:31.5
25488,1078,832,3,01:31.8
25489,1078,815,4,01:31.8
25490,1078,847,5,01:32.2
25491,1078,1,6,01:32.9
25492,1078,822,7,01:33.2
25493,1078,839,8,01:33.2
25494,1078,848,9,01:33.4
25495,1078,840,10,01:33.3
25496,1078,4,11,01:33.3
25497,1078,852,12,01:33.0
25498,1078,817,13,01:33.3
25499,1078,849,14,01:34.2
25500,1078,854,15,01:32.5
25501,1078,825,16,01:33.5
25502,1078,20,17,01:33.5
25503,1078,842,null,01:34.5
25504,1078,846,null,01:33.4
25505,1078,855,null,01:35.7
25466,1077,830,1,01:18.4
25467,1077,815,2,01:18.9
25468,1077,846,3,01:20.9
25469,1077,847,4,01:21.0
25470,1077,822,5,01:20.8
25471,1077,844,6,01:18.6
25472,1077,852,7,01:20.5
25473,1077,20,8,01:21.2
25474,1077,825,9,01:21.2
25475,1077,840,10,01:21.8
25476,1077,848,11,01:21.8
25477,1077,842,12,01:21.7
25478,1077,1,13,01:21.4
25479,1077,839,14,01:21.9
25480,1077,855,15,01:21.3
25481,1077,849,16,01:21.3
25482,1077,854,17,01:19.0
25483,1077,817,18,01:21.6
25484,1077,4,null,01:39.7
25485,1077,832,null,null
25446,1076,844,1,01:20.3
25447,1076,815,2,01:21.1
25448,1076,847,3,01:21.5
25449,1076,1,4,01:21.9
25450,1076,846,5,01:22.2
25451,1076,817,6,01:22.5
25452,1076,839,7,01:22.5
25453,1076,822,8,01:21.7
25454,1076,842,9,01:22.7
25455,1076,848,10,01:22.6
25456,1076,855,11,01:22.5
25457,1076,840,12,01:23.6
25458,1076,854,13,01:23.0
25459,1076,825,14,01:23.1
25460,1076,852,15,01:23.3
25461,1076,849,16,01:23.9
25462,1076,4,17,01:20.8
25463,1076,830,null,01:21.7
25464,1076,20,null,01:25.2
25465,1076,832,null,null
25426,1075,830,1,01:31.8
25427,1075,844,2,01:31.6
25428,1075,832,3,01:31.9
25429,1075,815,4,01:32.0
25430,1075,847,5,01:32.8
25431,1075,839,6,01:33.1
25432,1075,846,7,01:32.8
25433,1075,842,8,01:33.5
25434,1075,825,9,01:32.8
25435,1075,1,10,01:33.0
25436,1075,855,11,01:33.9
25437,1075,807,12,01:33.7
25438,1075,840,13,01:34.4
25439,1075,848,14,01:34.4
25440,1075,822,null,01:34.0
25441,1075,4,null,01:33.8
25442,1075,817,null,01:34.5
25443,1075,849,null,01:37.5
25444,1075,852,null,null
25445,1075,854,null,null
25406,1074,844,1,01:34.6
25407,1074,832,2,01:35.7
25408,1074,1,3,01:36.2
25409,1074,847,4,01:36.3
25410,1074,825,5,01:36.6
25411,1074,822,6,01:36.6
25412,1074,839,7,01:37.1
25413,1074,852,8,01:37.1
25414,1074,4,9,01:36.7
25415,1074,855,10,01:36.7
25416,1074,854,11,01:37.0
25417,1074,840,12,01:37.1
25418,1074,848,13,01:37.4
25419,1074,817,14,01:37.3
25420,1074,846,15,01:37.0
25421,1074,849,16,01:38.3
25422,1074,807,17,01:38.2
25423,1074,815,18,01:36.1
25424,1074,830,19,01:35.4
25425,1074,842,null,01:37.3
25386,1073,830,1,01:26.1
25387,1073,1,2,01:26.6
25388,1073,832,3,01:27.6
25389,1073,852,4,01:27.5
25390,1073,842,5,01:27.3
25391,1073,822,6,01:26.9
25392,1073,846,7,01:26.8
25393,1073,4,8,01:27.6
25394,1073,839,9,01:28.2
25395,1073,844,10,01:28.4
25396,1073,20,11,01:28.3
25397,1073,817,12,01:28.7
25398,1073,840,13,01:28.6
25399,1073,854,14,01:29.5
25400,1073,815,15,01:26.4
25401,1073,849,null,01:29.3
25402,1073,841,null,01:29.4
25403,1073,847,null,01:30.6
25404,1073,8,null,01:29.7
25405,1073,853,null,null
25366,1072,1,1,01:30.7
25367,1072,830,2,01:31.5
25368,1072,822,3,01:31.4
25369,1072,839,4,01:31.8
25370,1072,817,5,01:32.7
25371,1072,842,6,01:32.3
25372,1072,844,7,01:31.6
25373,1072,832,8,01:31.9
25374,1072,841,9,01:32.9
25375,1072,846,10,01:31.9
25376,1072,840,11,01:32.8
25377,1072,849,12,01:32.8
25378,1072,4,13,01:31.6
25379,1072,852,14,01:32.5
25380,1072,8,15,01:32.8
25381,1072,20,null,01:34.0
25382,1072,815,null,01:34.1
25383,1072,853,null,01:37.0
25384,1072,847,null,01:36.1
25385,1072,854,null,01:36.0
25326,1071,1,1,01:12.0
25327,1071,830,2,01:12.5
25328,1071,822,3,01:12.5
25329,1071,815,4,01:11.0
25330,1071,844,5,01:12.8
25331,1071,832,6,01:12.7
25332,1071,842,7,01:13.2
25333,1071,839,8,01:14.4
25334,1071,4,9,01:13.9
25335,1071,846,10,01:13.8
25336,1071,20,11,01:13.6
25337,1071,8,12,01:12.6
25338,1071,847,13,01:14.4
25339,1071,841,14,01:14.2
25340,1071,852,15,01:14.2
25341,1071,849,16,01:14.6
25342,1071,853,17,01:15.0
25343,1071,854,18,01:13.8
25344,1071,817,null,01:14.4
25345,1071,840,null,01:15.3
25306,1070,830,1,01:19.0
25307,1070,1,2,01:19.8
25308,1070,815,3,01:19.5
25309,1070,842,4,01:20.5
25310,1070,844,5,01:20.7
25311,1070,832,6,01:20.1
25312,1070,20,7,01:20.5
25313,1070,8,8,01:20.7
25314,1070,4,9,01:20.7
25315,1070,846,10,01:20.6
25316,1070,841,11,01:21.5
25317,1070,817,12,01:21.1
25318,1070,839,13,01:21.3
25319,1070,840,14,01:20.9
25320,1070,822,15,01:17.8
25321,1070,847,16,01:22.0
25322,1070,849,17,01:21.5
25323,1070,853,18,01:21.4
25324,1070,854,null,null
25325,1070,852,null,null
25286,1069,830,1,01:39.1
25287,1069,1,2,01:38.5
25288,1069,815,3,01:39.6
25289,1069,844,4,01:39.3
25290,1069,817,5,01:40.3
25291,1069,822,6,01:40.1
25292,1069,832,7,01:40.4
25293,1069,846,8,01:40.2
25294,1069,852,9,01:41.2
25295,1069,20,10,01:40.5
25296,1069,841,11,01:41.1
25297,1069,840,12,01:41.2
25298,1069,8,13,01:41.3
25299,1069,847,14,01:41.1
25300,1069,849,15,01:41.8
25301,1069,854,16,01:41.4
25302,1069,853,17,01:42.9
25303,1069,4,null,01:40.1
25304,1069,839,null,01:42.2
25305,1069,842,null,01:42.0
25266,1067,822,1,01:30.4
25267,1067,830,2,01:32.8
25268,1067,815,3,01:32.5
25269,1067,844,4,01:32.7
25270,1067,1,5,01:32.8
25271,1067,842,6,01:32.8
25272,1067,846,7,01:32.4
25273,1067,832,8,01:31.9
25274,1067,840,9,01:32.6
25275,1067,839,10,01:34.6
25276,1067,841,11,01:32.9
25277,1067,8,12,01:32.6
25278,1067,817,13,01:33.3
25279,1067,852,14,01:32.8
25280,1067,847,15,01:33.4
25281,1067,4,16,01:33.3
25282,1067,849,17,01:33.7
25283,1067,20,18,01:32.7
25284,1067,854,19,01:34.2
25285,1067,853,20,01:35.4
25246,1066,1,1,01:37.6
25247,1066,830,2,01:38.4
25248,1066,832,3,01:39.3
25249,1066,817,4,01:39.1
25250,1066,822,5,01:38.2
25251,1066,4,6,01:38.7
25252,1066,846,7,01:37.4
25253,1066,8,8,01:40.3
25254,1066,815,9,01:39.2
25255,1066,847,10,01:40.6
25256,1066,840,11,01:40.5
25257,1066,20,12,01:39.3
25258,1066,842,13,01:38.3
25259,1066,839,14,01:40.6
25260,1066,844,15,01:39.0
25261,1066,841,16,01:39.1
25262,1066,852,17,01:40.0
25263,1066,853,18,01:41.7
25264,1066,849,19,01:40.0
25265,1066,854,null,01:40.3
25226,1065,817,1,01:24.8
25227,1065,846,2,01:25.0
25228,1065,822,3,01:24.8
25229,1065,844,4,01:25.3
25230,1065,815,5,01:25.2
25231,1065,832,6,01:25.6
25232,1065,840,7,01:25.9
25233,1065,4,8,01:25.5
25234,1065,847,9,01:25.8
25235,1065,839,10,01:25.6
25236,1065,849,11,01:26.0
25237,1065,20,12,01:25.9
25238,1065,841,13,01:25.7
25239,1065,9,14,01:25.8
25240,1065,854,15,01:26.7
25241,1065,853,null,01:27.2
25242,1065,1,null,01:25.9
25243,1065,830,null,01:25.2
25244,1065,842,null,01:29.0
25245,1065,852,null,null
25206,1064,830,1,01:13.3
25207,1064,1,2,01:11.1
25208,1064,822,3,01:12.5
25209,1064,842,4,01:14.8
25210,1064,844,5,01:14.8
25211,1064,4,6,01:14.3
25212,1064,832,7,01:15.3
25213,1064,815,8,01:13.5
25214,1064,839,9,01:14.7
25215,1064,846,10,01:14.2
25216,1064,817,11,01:14.9
25217,1064,840,12,01:15.6
25218,1064,20,13,01:14.0
25219,1064,841,14,01:15.1
25220,1064,9,15,01:15.4
25221,1064,849,16,01:15.8
25222,1064,847,17,01:15.6
25223,1064,854,18,01:15.9
25224,1064,852,null,01:15.8
25225,1064,853,null,01:16.1
25186,1063,830,1,null
25187,1063,847,2,null
25188,1063,1,3,null
25189,1063,817,4,null
25190,1063,20,5,null
25191,1063,842,6,null
25192,1063,839,7,null
25193,1063,844,8,null
25194,1063,849,9,null
25195,1063,832,10,null
25196,1063,4,11,null
25197,1063,822,12,null
25198,1063,841,13,null
25199,1063,846,14,null
25200,1063,852,15,null
25201,1063,854,16,null
25202,1063,853,17,null
25203,1063,8,18,null
25204,1063,815,19,null
25205,1063,840,20,null
25166,1062,839,1,01:21.4
25167,1062,1,2,01:18.7
25168,1062,832,3,01:21.4
25169,1062,4,4,01:20.4
25170,1062,842,5,01:18.4
25171,1062,852,6,01:22.5
25172,1062,849,7,01:22.8
25173,1062,847,8,01:22.1
25174,1062,830,9,01:20.9
25175,1062,8,10,01:21.5
25176,1062,817,11,01:22.8
25177,1062,854,12,01:22.7
25178,1062,841,13,01:22.7
25179,1062,853,null,null
25180,1062,846,null,null
25181,1062,822,null,null
25182,1062,815,null,null
25183,1062,844,null,null
25184,1062,840,null,null
25185,1062,20,null,01:21.5
25146,1061,1,1,01:29.7
25147,1061,844,2,01:30.6
25148,1061,822,3,01:30.5
25149,1061,846,4,01:31.4
25150,1061,817,5,01:31.3
25151,1061,832,6,01:31.2
25152,1061,4,7,01:31.7
25153,1061,840,8,01:32.0
25154,1061,839,9,01:32.2
25155,1061,852,10,01:30.8
25156,1061,842,11,01:30.3
25157,1061,847,12,01:32.0
25158,1061,841,13,01:32.3
25159,1061,849,14,01:32.5
25160,1061,8,15,01:31.9
25161,1061,815,16,01:28.6
25162,1061,853,17,01:32.9
25163,1061,854,18,01:32.9
25164,1061,20,null,01:33.1
25165,1061,830,null,null
25126,1060,830,1,01:06.2
25127,1060,822,2,01:08.4
25128,1060,846,3,01:08.5
25129,1060,1,4,01:08.1
25130,1060,832,5,01:07.8
25131,1060,815,6,01:08.2
25132,1060,817,7,01:08.8
25133,1060,844,8,01:08.7
25134,1060,842,9,01:08.1
25135,1060,4,10,01:08.4
25136,1060,847,11,01:08.9
25137,1060,852,12,01:08.5
25138,1060,840,13,01:08.7
25139,1060,841,14,01:09.0
25140,1060,8,15,01:08.9
25141,1060,849,16,01:08.5
25142,1060,20,17,01:08.4
25143,1060,854,18,01:09.4
25144,1060,853,19,01:09.8
25145,1060,839,null,null
25086,1059,830,1,01:36.4
25087,1059,1,2,01:37.4
25088,1059,815,3,01:36.7
25089,1059,822,4,01:37.0
25090,1059,846,5,01:37.4
25091,1059,817,6,01:38.3
25092,1059,842,7,01:38.1
25093,1059,4,8,01:37.6
25094,1059,20,9,01:37.1
25095,1059,840,10,01:37.8
25096,1059,832,11,01:38.9
25097,1059,847,12,01:38.3
25098,1059,852,13,01:39.0
25099,1059,839,14,01:38.6
25100,1059,841,15,01:38.7
25101,1059,844,16,01:37.7
25102,1059,8,17,01:38.0
25103,1059,849,18,01:38.3
25104,1059,854,19,01:38.8
25105,1059,853,20,01:39.3
25106,1058,830,1,01:08.0
25107,1058,1,2,01:07.1
25108,1058,822,3,01:08.6
25109,1058,815,4,01:07.9
25110,1058,846,5,01:08.9
25111,1058,832,6,01:08.6
25112,1058,844,7,01:08.7
25113,1058,840,8,01:09.8
25114,1058,4,9,01:09.7
25115,1058,852,10,01:09.7
25116,1058,8,11,01:09.1
25117,1058,20,12,01:09.8
25118,1058,817,13,01:09.3
25119,1058,839,14,01:09.6
25120,1058,841,15,01:09.7
25121,1058,854,16,01:10.0
25122,1058,849,17,01:10.1
25123,1058,853,18,01:11.0
25124,1058,847,null,01:10.5
25125,1058,842,null,null
25066,1057,815,1,01:44.7
25067,1057,20,2,01:44.9
25068,1057,842,3,01:45.2
25069,1057,844,4,01:45.4
25070,1057,846,5,01:45.3
25071,1057,4,6,01:45.6
25072,1057,852,7,01:44.9
25073,1057,832,8,01:45.7
25074,1057,817,9,01:45.7
25075,1057,8,10,01:45.6
25076,1057,841,11,01:45.6
25077,1057,822,12,01:45.7
25078,1057,854,13,01:47.6
25079,1057,853,14,01:47.7
25080,1057,1,15,01:44.8
25081,1057,849,16,01:46.6
25082,1057,847,null,01:46.0
25083,1057,830,null,01:44.5
25084,1057,840,null,01:46.2
25085,1057,839,null,01:50.9
25047,1056,832,2,01:14.6
25046,1056,830,1,01:14.6
25048,1056,846,3,01:14.7
25049,1056,815,4,01:14.6
25050,1056,20,5,01:15.3
25051,1056,842,6,01:15.4
25052,1056,1,7,01:12.9
25053,1056,840,8,01:14.7
25054,1056,839,9,01:15.3
25055,1056,841,10,01:15.3
25056,1056,8,11,01:15.0
25057,1056,817,12,01:14.6
25058,1056,4,13,01:15.0
25059,1056,847,14,01:15.5
25060,1056,849,15,01:15.6
25061,1056,852,16,01:14.0
25062,1056,853,17,01:16.9
25063,1056,854,18,01:16.4
25064,1056,822,null,01:15.7
25065,1056,844,null,null
25026,1055,1,1,01:20.7
25027,1055,830,2,01:18.1
25028,1055,822,3,01:19.4
25029,1055,844,4,01:20.5
25030,1055,815,5,01:19.5
25031,1055,817,6,01:21.9
25032,1055,832,7,01:21.6
25033,1055,846,8,01:21.3
25034,1055,839,9,01:23.3
25035,1055,842,10,01:21.4
25036,1055,840,11,01:22.6
25037,1055,8,12,01:22.9
25038,1055,20,13,01:22.8
25039,1055,847,14,01:23.2
25040,1055,841,15,01:22.8
25041,1055,849,16,01:22.9
25042,1055,4,17,01:21.2
25043,1055,854,18,01:22.6
25044,1055,853,19,01:24.0
25045,1055,852,null,01:24.8
25006,1054,1,1,01:20.9
25007,1054,830,2,01:20.7
25008,1054,822,3,01:19.9
25009,1054,815,4,01:20.6
25010,1054,846,5,01:21.7
25011,1054,844,6,01:21.5
25012,1054,839,7,01:21.9
25013,1054,4,8,01:21.0
25014,1054,817,9,01:22.0
25015,1054,842,10,01:22.0
25016,1054,832,11,01:22.3
25017,1054,841,12,01:22.2
25018,1054,20,13,01:22.4
25019,1054,840,14,01:22.0
25020,1054,852,15,01:22.1
25021,1054,847,16,01:22.7
25022,1054,854,17,01:22.8
25023,1054,849,18,01:23.2
25024,1054,853,19,01:23.6
25025,1054,8,null,null
24986,1053,830,1,01:17.5
24987,1053,1,2,01:16.7
24988,1053,846,3,01:18.3
24989,1053,844,4,01:18.4
24990,1053,832,5,01:18.5
24991,1053,817,6,01:19.3
24992,1053,842,7,01:19.0
24993,1053,840,8,01:18.8
24994,1053,839,9,01:19.4
24995,1053,4,10,01:19.4
24996,1053,815,11,01:19.4
24997,1053,852,12,01:18.3
24998,1053,8,13,01:18.4
24999,1053,841,14,01:19.5
25000,1053,20,15,01:19.1
25001,1053,854,16,01:19.2
25002,1053,853,17,01:20.4
25003,1053,822,null,01:28.5
25004,1053,847,null,01:26.5
25005,1053,849,null,null
24966,1052,1,1,01:34.0
24967,1052,830,2,01:33.2
24968,1052,822,3,01:32.1
24969,1052,846,4,01:34.4
24970,1052,815,5,01:34.0
24971,1052,844,6,01:35.0
24972,1052,817,7,01:34.9
24973,1052,832,8,01:34.5
24974,1052,852,9,01:34.8
24975,1052,840,10,01:34.9
24976,1052,8,11,01:35.2
24977,1052,841,12,01:35.1
24978,1052,839,13,01:35.3
24979,1052,847,14,01:35.0
24980,1052,20,15,01:35.6
24981,1052,854,16,01:36.1
24982,1052,842,17,01:34.1
24983,1052,849,18,01:36.6
24984,1052,4,null,01:36.1
24985,1052,853,null,null
25346,1051,1,1,01:25.1
25347,1051,830,2,01:23.2
25348,1051,4,3,01:26.7
25349,1051,815,4,01:25.6
25350,1051,839,5,01:27.1
25351,1051,840,6,01:27.4
25352,1051,832,7,01:26.6
25353,1051,844,8,01:26.6
25354,1051,846,9,01:25.7
25355,1051,20,10,01:26.4
25356,1051,842,11,01:27.0
25357,1051,817,12,01:27.2
25358,1051,852,13,01:27.0
25359,1051,8,14,01:26.4
25360,1051,841,15,01:27.8
25361,1051,854,16,01:28.4
25362,1051,847,17,01:25.8
25363,1051,853,18,01:27.3
25364,1051,849,null,01:28.7
25365,1051,822,null,01:27.2
24946,1047,830,1,01:41.0
24947,1047,822,2,01:41.1
24948,1047,1,3,01:41.4
24949,1047,848,4,01:41.2
24950,1047,846,5,01:42.0
24951,1047,832,6,01:41.9
24952,1047,817,7,01:40.9
24953,1047,842,8,01:42.5
24954,1047,839,9,01:42.9
24955,1047,840,10,01:41.9
24956,1047,826,11,01:42.7
24957,1047,8,12,01:42.1
24958,1047,844,13,01:41.9
24959,1047,20,14,01:41.5
24960,1047,847,15,01:43.3
24961,1047,841,16,01:41.7
24962,1047,849,17,01:42.5
24963,1047,825,18,01:42.0
24964,1047,850,19,01:41.7
24965,1047,815,null,01:43.3
24926,1046,815,1,00:56.8
24927,1046,839,2,00:57.3
24928,1046,840,3,00:57.4
24929,1046,832,4,00:57.2
24930,1046,817,5,00:57.0
24931,1046,848,6,00:57.1
24932,1046,826,7,00:57.0
24933,1046,822,8,00:56.6
24934,1046,847,9,00:55.4
24935,1046,846,10,00:57.3
24936,1046,842,11,00:57.2
24937,1046,20,12,00:56.9
24938,1046,841,13,00:56.9
24939,1046,8,14,00:57.4
24940,1046,825,15,00:57.5
24941,1046,851,16,00:57.4
24942,1046,850,17,00:57.7
24943,1046,849,null,00:58.2
24944,1046,830,null,null
24945,1046,844,null,null
24906,1045,1,1,01:32.9
24907,1045,830,2,01:32.0
24908,1045,848,3,01:33.7
24909,1045,846,4,01:33.6
24910,1045,832,5,01:33.4
24911,1045,842,6,01:34.8
24912,1045,817,7,01:32.8
24913,1045,822,8,01:33.4
24914,1045,839,9,01:34.4
24915,1045,844,10,01:33.6
24916,1045,826,11,01:34.1
24917,1045,847,12,01:35.0
24918,1045,20,13,01:33.9
24919,1045,849,14,01:34.6
24920,1045,8,15,01:33.6
24921,1045,841,16,01:34.5
24922,1045,825,17,01:35.2
24923,1045,815,18,01:33.6
24924,1045,840,null,null
24925,1045,154,null,null
24886,1044,1,1,01:39.4
24887,1044,815,2,01:40.4
24888,1044,20,3,01:39.7
24889,1044,844,4,01:40.0
24890,1044,832,5,01:38.8
24891,1044,830,6,01:38.4
24892,1044,848,7,01:39.1
24893,1044,846,8,01:36.8
24894,1044,840,9,01:39.9
24895,1044,817,10,01:40.7
24896,1044,839,11,01:41.0
24897,1044,826,12,01:41.0
24898,1044,842,13,01:39.6
24899,1044,822,14,01:38.2
24900,1044,8,15,01:39.7
24901,1044,847,16,01:40.8
24902,1044,825,17,01:40.9
24903,1044,154,null,01:43.3
24904,1044,849,null,01:43.5
24905,1044,841,null,01:51.1
24866,1043,1,1,01:15.5
24867,1043,822,2,01:15.9
24868,1043,817,3,01:17.6
24869,1043,826,4,01:17.7
24870,1043,844,5,01:18.2
24871,1043,815,6,01:18.1
24872,1043,832,7,01:18.1
24873,1043,846,8,01:18.1
24874,1043,8,9,01:18.1
24875,1043,841,10,01:18.8
24876,1043,849,11,01:18.7
24877,1043,20,12,01:17.8
24878,1043,840,13,01:18.4
24879,1043,154,14,01:18.8
24880,1043,848,15,01:16.2
24881,1043,847,null,01:18.8
24882,1043,830,null,01:17.6
24883,1043,825,null,01:19.3
24884,1043,839,null,01:19.6
24885,1043,842,null,01:20.4
24846,1042,1,1,01:18.7
24847,1042,822,2,01:19.3
24848,1042,830,3,01:19.9
24849,1042,844,4,01:20.4
24850,1042,842,5,01:20.6
24851,1042,832,6,01:20.3
24852,1042,815,7,01:20.8
24853,1042,839,8,01:20.9
24854,1042,817,9,01:20.9
24855,1042,20,10,01:20.7
24856,1042,8,11,01:21.1
24857,1042,848,12,01:19.9
24858,1042,846,13,01:19.4
24859,1042,847,14,01:20.9
24860,1042,841,15,01:21.9
24861,1042,825,16,01:21.5
24862,1042,154,17,01:21.7
24863,1042,849,18,01:21.9
24864,1042,826,19,01:20.4
24865,1042,840,null,01:21.7
24826,1041,1,1,01:28.1
24827,1041,830,2,01:28.1
24828,1041,817,3,01:29.6
24829,1041,815,4,01:29.7
24830,1041,832,5,01:30.1
24831,1041,842,6,01:30.1
24832,1041,844,7,01:30.7
24833,1041,807,8,01:30.7
24834,1041,154,9,01:31.6
24835,1041,841,10,01:30.9
24836,1041,20,11,01:30.4
24837,1041,8,12,01:30.5
24838,1041,825,13,01:30.5
24839,1041,849,14,01:31.4
24840,1041,826,15,01:32.2
24841,1041,846,null,01:32.3
24842,1041,848,null,01:32.3
24843,1041,839,null,01:33.2
24844,1041,822,null,01:31.9
24845,1041,847,null,01:34.5
24806,1040,822,1,01:37.0
24807,1040,830,2,01:37.3
24808,1040,1,3,01:38.1
24809,1040,815,4,01:38.1
24810,1040,817,5,01:37.9
24811,1040,844,6,01:39.1
24812,1040,839,7,01:39.2
24813,1040,826,8,01:39.1
24814,1040,842,9,01:37.2
24815,1040,848,10,01:38.4
24816,1040,841,11,01:39.8
24817,1040,825,12,01:40.4
24818,1040,20,13,01:39.6
24819,1040,8,14,01:38.9
24820,1040,846,15,01:37.4
24821,1040,849,16,01:41.0
24822,1040,154,17,01:39.6
24823,1040,847,18,01:37.4
24824,1040,832,null,null
24825,1040,840,null,null
24786,1039,1,1,01:18.8
24787,1039,822,2,01:19.4
24788,1039,848,3,01:20.0
24789,1039,817,4,01:20.4
24790,1039,815,5,01:20.6
24791,1039,846,6,01:21.2
24792,1039,826,7,01:21.5
24793,1039,844,8,01:21.2
24794,1039,8,9,01:21.2
24795,1039,20,10,01:21.2
24796,1039,847,11,01:21.6
24797,1039,154,12,01:22.3
24798,1039,840,null,01:22.1
24799,1039,839,null,02:11.8
24800,1039,849,null,02:11.4
24801,1039,825,null,02:13.8
24802,1039,841,null,02:13.8
24803,1039,832,null,02:14.1
24804,1039,830,null,null
24805,1039,842,null,null
24766,1038,842,1,01:24.0
24767,1038,832,2,01:23.9
24768,1038,840,3,01:23.9
24769,1038,846,4,01:24.2
24770,1038,822,5,01:24.0
24771,1038,817,6,01:23.9
24772,1038,1,7,01:22.7
24773,1038,839,8,01:24.5
24774,1038,826,9,01:24.5
24775,1038,815,10,01:24.3
24776,1038,849,11,01:25.0
24777,1038,154,12,01:24.8
24778,1038,8,13,01:24.8
24779,1038,847,14,01:24.4
24780,1038,848,15,01:24.9
24781,1038,841,16,01:24.9
24782,1038,830,null,01:25.5
24783,1038,844,null,01:26.0
24784,1038,825,null,01:25.8
24785,1038,20,null,01:27.1
24746,1037,1,1,01:47.8
24747,1037,822,2,01:48.0
24748,1037,830,3,01:48.3
24749,1037,817,4,01:47.5
24750,1037,839,5,01:48.5
24751,1037,848,6,01:48.7
24752,1037,846,7,01:48.6
24753,1037,842,8,01:47.8
24754,1037,840,9,01:49.1
24755,1037,815,10,01:48.4
24756,1037,826,11,01:49.8
24757,1037,8,12,01:49.8
24758,1037,20,13,01:50.0
24759,1037,844,14,01:47.8
24760,1037,154,15,01:50.0
24761,1037,849,16,01:48.0
24762,1037,825,17,01:48.1
24763,1037,841,null,01:51.8
24764,1037,847,null,01:51.8
24765,1037,832,null,null
24726,1036,1,1,01:19.8
24727,1036,830,2,01:21.5
24728,1036,822,3,01:18.2
24729,1036,840,4,01:22.0
24730,1036,815,5,01:22.5
24731,1036,832,6,01:21.8
24732,1036,20,7,01:22.7
24733,1036,848,8,01:22.2
24734,1036,842,9,01:22.5
24735,1036,846,10,01:22.4
24736,1036,817,11,01:22.5
24737,1036,826,12,01:22.3
24738,1036,839,13,01:22.2
24739,1036,8,14,01:21.9
24740,1036,825,15,01:23.5
24741,1036,841,16,01:21.8
24742,1036,847,17,01:22.5
24743,1036,849,18,01:22.0
24744,1036,154,19,01:20.4
24745,1036,844,null,01:24.0
24706,1035,830,1,01:29.5
24707,1035,1,2,01:28.5
24708,1035,822,3,01:29.8
24709,1035,844,4,01:30.6
24710,1035,848,5,01:29.5
24711,1035,840,6,01:30.9
24712,1035,807,7,01:30.1
24713,1035,839,8,01:30.6
24714,1035,846,9,01:30.7
24715,1035,826,10,01:30.7
24716,1035,842,11,01:30.1
24717,1035,20,12,01:30.8
24718,1035,832,13,01:30.6
24719,1035,817,14,01:31.2
24720,1035,8,15,01:31.8
24721,1035,154,16,01:30.8
24722,1035,841,17,01:31.8
24723,1035,847,18,01:31.4
24724,1035,849,19,01:30.0
24725,1035,825,null,01:31.8
24686,1034,1,1,01:29.2
24687,1034,830,2,01:27.1
24688,1034,844,3,01:29.8
24689,1034,817,4,01:29.5
24690,1034,846,5,01:30.1
24691,1034,839,6,01:29.5
24692,1034,842,7,01:29.6
24693,1034,848,8,01:28.7
24694,1034,840,9,01:30.5
24695,1034,20,10,01:30.5
24696,1034,822,11,01:29.3
24697,1034,847,12,01:30.9
24698,1034,832,13,01:29.9
24699,1034,841,14,01:31.0
24700,1034,849,15,01:30.5
24701,1034,154,16,01:29.8
24702,1034,8,17,01:30.0
24703,1034,826,null,01:32.4
24704,1034,825,null,null
24705,1034,807,null,null
24666,1033,1,1,01:16.6
24667,1033,830,2,01:19.2
24668,1033,822,3,01:17.7
24669,1033,840,4,01:19.0
24670,1033,848,5,01:19.4
24671,1033,20,6,01:20.4
24672,1033,815,7,01:20.1
24673,1033,817,8,01:19.5
24674,1033,832,9,01:20.5
24675,1033,825,10,01:19.5
24676,1033,844,11,01:20.8
24677,1033,826,12,01:20.9
24678,1033,846,13,01:19.9
24679,1033,839,14,01:20.3
24680,1033,8,15,01:20.9
24681,1033,154,16,01:20.2
24682,1033,841,17,01:20.1
24683,1033,847,18,01:20.0
24684,1033,849,19,01:21.2
24685,1033,842,null,01:23.9
24646,1032,1,1,01:06.7
24647,1032,822,2,01:07.5
24648,1032,830,3,01:06.1
24649,1032,848,4,01:07.3
24650,1032,846,5,01:07.2
24651,1032,815,6,01:07.2
24652,1032,840,7,01:07.8
24653,1032,817,8,01:07.8
24654,1032,832,9,01:05.6
24655,1032,826,10,01:08.4
24656,1032,8,11,01:08.4
24657,1032,825,12,01:08.0
24658,1032,154,13,01:08.0
24659,1032,841,14,01:08.5
24660,1032,842,15,01:07.8
24661,1032,847,16,01:08.6
24662,1032,849,17,01:08.8
24663,1032,839,null,01:09.3
24664,1032,844,null,01:35.4
24665,1032,20,null,null
24626,1031,822,1,01:07.7
24627,1031,844,2,01:07.9
24628,1031,846,3,01:07.5
24629,1031,1,4,01:07.7
24630,1031,832,5,01:08.0
24631,1031,815,6,01:08.3
24632,1031,842,7,01:09.0
24633,1031,839,8,01:08.9
24634,1031,841,9,01:08.8
24635,1031,20,10,01:08.6
24636,1031,849,11,01:09.7
24637,1031,826,12,01:09.1
24638,1031,848,13,01:08.4
24639,1031,8,null,01:09.0
24640,1031,847,null,01:09.3
24641,1031,154,null,01:10.2
24642,1031,825,null,01:10.7
24643,1031,840,null,01:10.3
24644,1031,817,null,01:10.6
24645,1031,830,null,01:09.4
24606,1030,1,1,01:39.3
24607,1030,830,2,01:41.1
24608,1030,844,3,01:40.4
24609,1030,822,4,01:39.7
24610,1030,20,5,01:40.1
24611,1030,848,6,01:42.2
24612,1030,815,7,01:42.6
24613,1030,846,8,01:43.0
24614,1030,826,9,01:42.2
24615,1030,832,10,01:41.3
24616,1030,817,11,01:41.2
24617,1030,807,12,01:43.3
24618,1030,8,13,01:43.1
24619,1030,825,14,01:43.8
24620,1030,154,15,01:43.7
24621,1030,841,16,01:43.3
24622,1030,847,17,01:43.1
24623,1030,842,18,01:42.4
24624,1030,9,19,01:44.5
24625,1030,840,null,01:43.3
24586,1029,830,1,01:10.9
24587,1029,842,2,01:12.4
24588,1029,832,3,01:13.2
24589,1029,8,4,01:13.1
24590,1029,841,5,01:13.0
24591,1029,817,6,01:12.7
24592,1029,1,7,01:11.1
24593,1029,846,8,01:12.3
24594,1029,815,9,01:12.8
24595,1029,826,10,01:12.4
24596,1029,825,11,01:13.3
24597,1029,847,12,01:13.8
24598,1029,154,13,01:13.6
24599,1029,848,14,01:11.1
24600,1029,807,15,01:12.9
24601,1029,9,16,01:14.6
24602,1029,20,17,01:11.4
24603,1029,844,18,01:11.4
24604,1029,840,19,01:12.6
24605,1029,822,null,01:10.7
24566,1028,822,1,01:37.0
24567,1028,1,2,01:38.4
24568,1028,830,3,01:38.2
24569,1028,844,4,01:36.2
24570,1028,848,5,01:38.0
24571,1028,817,6,01:40.6
24572,1028,846,7,01:38.1
24573,1028,832,8,01:40.8
24574,1028,807,9,01:38.4
24575,1028,815,10,01:40.2
24576,1028,8,11,01:39.6
24577,1028,826,12,01:39.0
24578,1028,840,13,01:40.4
24579,1028,841,14,01:40.0
24580,1028,154,15,01:41.3
24581,1028,842,16,01:40.9
24582,1028,847,17,01:41.2
24583,1028,825,18,01:40.3
24584,1028,9,null,01:43.8
24585,1028,20,null,01:42.2
24546,1027,1,1,01:19.5
24547,1027,20,2,01:19.4
24548,1027,822,3,01:19.5
24549,1027,844,4,01:19.2
24550,1027,848,5,01:19.3
24551,1027,830,6,01:20.4
24552,1027,815,7,01:20.5
24553,1027,817,8,01:20.1
24554,1027,842,9,01:19.5
24555,1027,807,10,01:20.8
24556,1027,826,11,01:19.9
24557,1027,840,12,01:20.9
24558,1027,832,13,01:20.3
24559,1027,841,14,01:21.0
24560,1027,825,15,01:21.7
24561,1027,847,16,01:21.3
24562,1027,154,17,01:21.6
24563,1027,9,18,01:20.7
24564,1027,8,null,01:20.1
24565,1027,846,null,01:21.6
24526,1026,822,1,01:31.9
24527,1026,20,2,01:32.1
24528,1026,1,3,01:31.0
24529,1026,848,4,01:32.8
24530,1026,832,5,01:33.6
24531,1026,844,6,01:31.6
24532,1026,842,7,01:35.3
24533,1026,815,8,01:32.6
24534,1026,840,9,01:34.7
24535,1026,826,10,01:33.2
24536,1026,846,11,01:34.1
24537,1026,8,12,01:33.2
24538,1026,154,13,01:35.0
24539,1026,841,14,01:32.4
24540,1026,825,15,01:31.7
24541,1026,847,16,01:35.5
24542,1026,9,17,01:36.3
24543,1026,830,null,01:37.2
24544,1026,817,null,01:33.5
24545,1026,807,null,01:34.9
24506,1025,1,1,01:35.8
24507,1025,822,2,01:36.3
24508,1025,844,3,01:36.2
24509,1025,830,4,01:36.9
24510,1025,848,5,01:36.8
24511,1025,832,6,01:38.0
24512,1025,815,7,01:38.0
24513,1025,846,8,01:38.3
24514,1025,825,9,01:38.1
24515,1025,807,10,01:38.5
24516,1025,840,11,01:38.6
24517,1025,826,12,01:38.2
24518,1025,8,13,01:38.6
24519,1025,842,14,01:38.6
24520,1025,841,15,01:38.7
24521,1025,9,null,01:42.3
24522,1025,847,null,01:41.7
24523,1025,20,null,01:38.2
24524,1025,817,null,01:41.3
24525,1025,154,null,null
24486,1024,20,1,01:44.8
24487,1024,844,2,01:44.7
24488,1024,830,3,01:45.2
24489,1024,1,4,01:44.9
24490,1024,822,5,01:43.5
24491,1024,848,6,01:45.3
24492,1024,846,7,01:45.7
24493,1024,842,8,01:45.8
24494,1024,807,9,01:45.8
24495,1024,841,10,01:45.6
24496,1024,154,11,01:46.3
24497,1024,832,12,01:46.0
24498,1024,840,13,01:44.9
24499,1024,817,14,01:45.9
24500,1024,826,15,01:44.4
24501,1024,9,16,01:46.8
24502,1024,825,17,01:42.3
24503,1024,8,null,01:47.1
24504,1024,815,null,01:46.7
24505,1024,847,null,01:48.3
24466,1023,844,1,01:23.0
24467,1023,822,2,01:22.9
24468,1023,1,3,01:21.8
24469,1023,817,4,01:23.5
24470,1023,807,5,01:23.6
24471,1023,848,6,01:23.4
24472,1023,815,7,01:23.8
24473,1023,830,8,01:23.1
24474,1023,841,9,01:24.5
24475,1023,846,10,01:24.0
24476,1023,842,11,01:23.9
24477,1023,840,12,01:24.2
24478,1023,20,13,01:22.8
24479,1023,847,14,01:24.8
24480,1023,8,15,01:24.4
24481,1023,154,16,01:25.0
24482,1023,9,17,01:25.0
24483,1023,825,null,01:24.4
24484,1023,826,null,01:25.8
24485,1023,832,null,01:25.6
24446,1022,844,1,01:46.7
24447,1022,1,2,01:46.6
24448,1022,822,3,01:46.5
24449,1022,20,4,01:46.4
24450,1022,848,5,01:47.5
24451,1022,815,6,01:48.8
24452,1022,826,7,01:48.1
24453,1022,807,8,01:48.3
24454,1022,842,9,01:49.7
24455,1022,840,10,01:48.4
24456,1022,846,11,01:48.3
24457,1022,825,12,01:48.7
24458,1022,154,13,01:49.3
24459,1022,817,14,01:50.5
24460,1022,847,15,01:48.9
24461,1022,8,16,01:48.8
24462,1022,9,17,01:49.2
24463,1022,841,18,01:47.6
24464,1022,832,null,null
24465,1022,830,null,null
24426,1021,1,1,01:18.5
24427,1021,830,2,01:17.1
24428,1021,20,3,01:19.8
24429,1021,844,4,01:20.5
24430,1021,832,5,01:21.0
24431,1021,842,6,01:21.0
24432,1021,8,7,01:20.9
24433,1021,822,8,01:19.3
24434,1021,846,9,01:21.2
24435,1021,848,10,01:20.6
24436,1021,815,11,01:21.7
24437,1021,807,12,01:21.6
24438,1021,825,13,01:21.0
24439,1021,817,14,01:20.8
24440,1021,826,15,01:21.9
24441,1021,847,16,01:22.4
24442,1021,840,17,01:20.6
24443,1021,841,18,01:23.1
24444,1021,9,19,01:23.4
24445,1021,154,null,01:22.8
24406,1020,830,1,01:16.6
24407,1020,20,2,01:16.8
24408,1020,826,3,01:17.7
24409,1020,840,4,01:17.8
24410,1020,832,5,01:17.8
24411,1020,848,6,01:17.8
24412,1020,154,7,01:17.7
24413,1020,825,8,01:17.5
24414,1020,1,9,01:18.8
24415,1020,9,10,01:19.1
24416,1020,847,11,01:17.5
24417,1020,8,12,01:19.6
24418,1020,841,13,01:19.3
24419,1020,842,14,01:17.5
24420,1020,822,null,01:18.3
24421,1020,807,null,01:29.6
24422,1020,844,null,01:27.7
24423,1020,846,null,01:31.1
24424,1020,817,null,01:32.7
24425,1020,815,null,null
24386,1019,1,1,01:27.4
24387,1019,822,2,01:27.4
24388,1019,844,3,01:29.3
24389,1019,842,4,01:29.5
24390,1019,830,5,01:29.3
24391,1019,832,6,01:29.8
24392,1019,817,7,01:29.6
24393,1019,8,8,01:30.0
24394,1019,826,9,01:29.9
24395,1019,807,10,01:29.9
24396,1019,846,11,01:29.6
24397,1019,848,12,01:30.9
24398,1019,840,13,01:29.4
24399,1019,847,14,01:31.0
24400,1019,9,15,01:31.5
24401,1019,20,16,01:28.7
24402,1019,815,17,01:29.5
24403,1019,841,null,01:32.5
24404,1019,154,null,01:34.4
24405,1019,825,null,01:33.4
24366,1018,830,1,01:07.5
24367,1018,844,2,01:08.0
24368,1018,822,3,01:08.6
24369,1018,20,4,01:07.7
24370,1018,1,5,01:08.0
24371,1018,846,6,01:08.7
24372,1018,842,7,01:08.8
24373,1018,832,8,01:08.1
24374,1018,8,9,01:09.1
24375,1018,841,10,01:09.1
24376,1018,815,11,01:09.1
24377,1018,817,12,01:08.0
24378,1018,807,13,01:09.2
24379,1018,840,14,01:09.3
24380,1018,848,15,01:08.9
24381,1018,154,16,01:09.0
24382,1018,826,17,01:09.5
24383,1018,847,18,01:09.9
24384,1018,825,19,01:08.9
24385,1018,9,20,01:11.0
24346,1017,1,1,01:32.8
24347,1017,822,2,01:33.6
24348,1017,844,3,01:33.8
24349,1017,830,4,01:34.2
24350,1017,20,5,01:32.7
24351,1017,832,6,01:34.6
24352,1017,8,7,01:34.9
24353,1017,807,8,01:35.0
24354,1017,846,9,01:34.8
24355,1017,842,10,01:35.2
24356,1017,817,11,01:35.2
24357,1017,815,12,01:35.0
24358,1017,840,13,01:34.9
24359,1017,826,14,01:35.2
24360,1017,848,15,01:35.0
24361,1017,841,16,01:35.1
24362,1017,825,17,01:35.7
24363,1017,9,18,01:36.6
24364,1017,847,19,01:35.8
24365,1017,154,20,01:35.7
24326,1016,1,1,01:14.8
24327,1016,20,2,01:14.9
24328,1016,844,3,01:14.4
24329,1016,822,4,01:13.1
24330,1016,830,5,01:14.8
24331,1016,817,6,01:16.1
24332,1016,807,7,01:16.0
24333,1016,842,8,01:16.2
24334,1016,840,9,01:16.0
24335,1016,826,10,01:16.2
24336,1016,832,11,01:16.5
24337,1016,815,12,01:16.3
24338,1016,841,13,01:16.4
24339,1016,154,14,01:16.2
24340,1016,8,15,01:15.4
24341,1016,847,16,01:17.2
24342,1016,825,17,01:17.3
24343,1016,9,18,01:17.3
24344,1016,848,null,01:17.2
24345,1016,846,null,01:18.0
24306,1015,1,1,01:16.2
24307,1015,20,2,01:16.3
24308,1015,822,3,01:15.2
24309,1015,830,4,01:16.2
24310,1015,842,5,01:14.3
24311,1015,832,6,01:15.9
24312,1015,826,7,01:16.3
24313,1015,848,8,01:15.6
24314,1015,817,9,01:15.7
24315,1015,154,10,01:16.7
24316,1015,846,11,01:16.4
24317,1015,825,14,01:17.0
24318,1015,815,12,01:16.6
24319,1015,807,13,01:16.3
24320,1015,847,15,01:17.0
24321,1015,840,16,01:16.4
24322,1015,8,17,01:16.4
24323,1015,9,18,01:17.4
24324,1015,841,19,01:16.3
24325,1015,844,null,01:19.2
24283,1014,1,1,01:18.5
24284,1014,822,2,01:18.7
24285,1014,830,3,01:19.8
24286,1014,20,4,01:19.8
24287,1014,844,5,01:20.0
24288,1014,842,6,01:20.5
24289,1014,825,7,01:20.8
24290,1014,832,8,01:20.9
24291,1014,826,9,01:20.7
24292,1014,154,10,01:21.1
24293,1014,848,11,01:21.0
24294,1014,817,12,01:20.6
24295,1014,807,13,01:21.3
24296,1014,8,14,01:21.4
24297,1014,815,15,01:21.9
24298,1014,841,16,01:21.8
24299,1014,847,17,01:22.4
24300,1014,9,18,01:23.2
24301,1014,840,null,01:23.2
24302,1014,846,null,01:22.6
24263,1013,822,1,01:44.0
24264,1013,1,2,01:44.2
24265,1013,20,3,01:44.6
24266,1013,830,4,01:44.8
24267,1013,844,5,01:43.0
24268,1013,815,6,01:45.5
24269,1013,832,7,01:45.8
24270,1013,846,8,01:45.4
24271,1013,840,9,01:46.0
24272,1013,8,10,01:46.5
24273,1013,848,11,01:45.8
24274,1013,841,12,01:46.0
24275,1013,825,13,01:46.7
24276,1013,807,14,01:47.4
24277,1013,847,15,01:47.3
24278,1013,9,16,01:47.7
24279,1013,842,null,01:45.7
24280,1013,154,null,01:48.5
24281,1013,826,null,01:47.7
24282,1013,817,null,01:46.8
24243,1012,1,1,01:35.9
24244,1012,822,2,01:34.9
24245,1012,20,3,01:34.8
24246,1012,830,4,01:36.1
24247,1012,844,5,01:34.9
24248,1012,842,6,01:34.7
24249,1012,817,7,01:38.6
24250,1012,815,8,01:38.7
24251,1012,8,9,01:37.8
24252,1012,848,10,01:38.9
24253,1012,154,11,01:36.9
24254,1012,840,12,01:36.7
24255,1012,825,13,01:37.5
24256,1012,832,14,01:37.5
24257,1012,841,15,01:38.0
24258,1012,847,16,01:37.3
24259,1012,9,17,01:39.8
24260,1012,846,18,01:38.3
24261,1012,826,null,01:38.0
24262,1012,807,null,01:39.7
24223,1011,1,1,01:33.5
24224,1011,822,2,01:34.2
24225,1011,844,3,01:33.4
24226,1011,830,4,01:35.3
24227,1011,20,5,01:34.9
24228,1011,846,6,01:35.8
24229,1011,8,7,01:35.6
24230,1011,842,8,01:35.3
24231,1011,848,9,01:36.8
24232,1011,815,10,01:36.3
24233,1011,841,11,01:35.2
24234,1011,826,12,01:34.9
24235,1011,825,13,01:35.9
24236,1011,840,14,01:37.0
24237,1011,847,15,01:37.3
24238,1011,9,16,01:37.9
24239,1011,807,null,01:35.2
24240,1011,817,null,01:36.7
24241,1011,832,null,01:35.6
24242,1011,154,null,01:37.3
24203,1010,822,1,01:25.6
24204,1010,1,2,01:26.1
24205,1010,830,3,01:26.3
24206,1010,20,4,01:28.0
24207,1010,844,5,01:26.9
24208,1010,825,6,01:28.2
24209,1010,807,7,01:28.4
24210,1010,8,8,01:28.3
24211,1010,840,9,01:27.6
24212,1010,826,10,01:27.4
24213,1010,842,11,01:27.2
24214,1010,846,12,01:28.6
24215,1010,815,13,01:28.5
24216,1010,848,14,01:28.2
24217,1010,841,15,01:28.5
24218,1010,847,16,01:28.7
24219,1010,9,17,01:29.3
24220,1010,154,null,01:28.5
24221,1010,817,null,01:29.8
24222,1010,832,null,01:30.9
24183,1009,1,1,01:41.4
24184,1009,20,2,01:40.9
24185,1009,830,3,01:41.9
24186,1009,817,4,01:41.2
24187,1009,822,5,01:41.0
24188,1009,832,6,01:41.4
24189,1009,844,7,01:42.9
24190,1009,815,8,01:42.8
24191,1009,154,9,01:43.2
24192,1009,825,10,01:42.8
24193,1009,4,11,01:42.4
24194,1009,843,12,01:44.2
24195,1009,840,13,01:44.0
24196,1009,838,14,01:43.2
24197,1009,845,15,01:43.8
24198,1009,842,null,01:44.0
24199,1009,839,null,01:43.6
24200,1009,828,null,01:46.1
24201,1009,8,null,01:45.2
24202,1009,807,null,null
24163,1008,1,1,01:11.8
24164,1008,830,2,01:11.6
24165,1008,8,3,01:11.8
24166,1008,817,4,01:11.3
24167,1008,822,5,01:10.5
24168,1008,20,6,01:10.8
24169,1008,844,7,01:12.1
24170,1008,154,8,01:12.4
24171,1008,825,9,01:12.2
24172,1008,815,10,01:12.5
24173,1008,843,11,01:12.9
24174,1008,832,12,01:12.2
24175,1008,842,13,01:13.8
24176,1008,838,14,01:13.0
24177,1008,839,15,01:12.4
24178,1008,845,16,01:14.3
24179,1008,4,17,01:12.6
24180,1008,840,18,01:11.8
24181,1008,807,null,01:14.0
24182,1008,828,null,01:15.3
24143,1007,830,1,01:19.2
24144,1007,20,2,01:19.5
24145,1007,8,3,01:20.3
24146,1007,1,4,01:20.7
24147,1007,822,5,01:18.7
24148,1007,807,6,01:20.6
24149,1007,844,7,01:20.5
24150,1007,838,8,01:21.9
24151,1007,828,9,01:22.4
24152,1007,842,10,01:22.8
24153,1007,839,11,01:22.6
24154,1007,840,12,01:23.0
24155,1007,845,13,01:22.6
24156,1007,843,14,01:22.4
24157,1007,825,15,01:21.9
24158,1007,154,16,01:21.4
24159,1007,817,null,01:19.5
24160,1007,815,null,01:23.5
24161,1007,832,null,01:22.4
24162,1007,4,null,01:24.2
24123,1006,8,1,01:38.5
24124,1006,830,2,01:38.2
24125,1006,1,3,01:37.4
24126,1006,20,4,01:38.3
24127,1006,822,5,01:38.5
24128,1006,807,6,01:39.5
24129,1006,832,7,01:39.9
24130,1006,815,8,01:40.0
24131,1006,843,9,01:39.0
24132,1006,828,10,01:39.6
24133,1006,838,11,01:39.9
24134,1006,842,12,01:40.1
24135,1006,845,13,01:39.2
24136,1006,840,14,01:39.6
24137,1006,844,null,01:40.5
24138,1006,817,null,01:40.4
24139,1006,154,null,01:42.0
24140,1006,4,null,01:40.9
24141,1006,839,null,null
24142,1006,825,null,null
24103,1005,1,1,01:32.8
24104,1005,822,2,01:33.1
24105,1005,830,3,01:33.4
24106,1005,817,4,01:33.2
24107,1005,8,5,01:34.2
24108,1005,20,6,01:32.3
24109,1005,815,7,01:34.1
24110,1005,154,8,01:34.8
24111,1005,839,9,01:34.7
24112,1005,832,10,01:34.2
24113,1005,842,11,01:34.1
24114,1005,828,12,01:36.3
24115,1005,843,13,01:34.9
24116,1005,4,14,01:33.9
24117,1005,838,15,01:35.0
24118,1005,845,16,01:34.0
24119,1005,840,17,01:33.4
24120,1005,844,null,01:34.5
24121,1005,807,null,01:34.9
24122,1005,825,null,01:39.9
24083,1004,1,1,01:35.9
24084,1004,822,2,01:35.9
24085,1004,20,3,01:36.0
24086,1004,8,4,01:36.6
24087,1004,830,5,01:36.3
24088,1004,817,6,01:36.3
24089,1004,844,7,01:38.1
24090,1004,825,8,01:38.0
24091,1004,839,9,01:38.4
24092,1004,815,10,01:38.3
24093,1004,154,11,01:38.2
24094,1004,807,12,01:39.1
24095,1004,828,13,01:37.9
24096,1004,4,14,01:39.6
24097,1004,840,15,01:39.4
24098,1004,838,16,01:39.9
24099,1004,832,17,01:39.7
24100,1004,845,18,01:39.8
24101,1004,842,null,01:44.1
24102,1004,843,null,01:45.9
24063,1003,1,1,01:42.9
24064,1003,830,2,01:43.3
24065,1003,20,3,01:44.7
24066,1003,822,4,01:44.7
24067,1003,8,5,01:44.7
24068,1003,817,6,01:43.1
24069,1003,4,7,01:43.2
24070,1003,832,8,01:45.2
24071,1003,844,9,01:45.2
24072,1003,807,10,01:46.1
24073,1003,828,11,01:45.2
24074,1003,838,12,01:45.6
24075,1003,842,13,01:46.1
24076,1003,840,14,01:46.0
24077,1003,154,15,01:45.9
24078,1003,815,16,01:45.4
24079,1003,843,17,01:44.9
24080,1003,825,18,01:41.9
24081,1003,845,19,01:45.9
24082,1003,839,null,null
24043,1002,1,1,01:22.5
24044,1002,8,2,01:23.5
24045,1002,822,3,01:22.9
24046,1002,20,4,01:22.5
24047,1002,830,5,01:23.6
24048,1002,839,6,01:24.2
24049,1002,815,7,01:24.2
24050,1002,832,8,01:23.5
24051,1002,840,9,01:24.1
24052,1002,845,10,01:24.6
24053,1002,844,11,01:23.8
24054,1002,838,12,01:24.5
24055,1002,807,13,01:24.8
24056,1002,842,14,01:24.1
24057,1002,828,15,01:24.8
24058,1002,825,16,01:23.8
24059,1002,817,null,01:25.7
24060,1002,4,null,01:25.2
24061,1002,843,null,01:27.0
24062,1002,154,null,null
24023,1001,20,1,01:46.6
24024,1001,1,2,01:46.7
24025,1001,830,3,01:46.9
24026,1001,822,4,01:46.3
24027,1001,815,5,01:48.1
24028,1001,839,6,01:48.1
24029,1001,154,7,01:48.3
24030,1001,825,8,01:47.9
24031,1001,842,9,01:48.6
24032,1001,828,10,01:48.7
24033,1001,832,11,01:48.7
24034,1001,845,12,01:49.1
24035,1001,840,13,01:49.3
24036,1001,843,14,01:48.8
24037,1001,838,15,01:49.0
24038,1001,817,null,01:49.2
24039,1001,8,null,01:54.3
24040,1001,844,null,null
24041,1001,4,null,null
24042,1001,807,null,null
24003,1000,1,1,01:21.1
24004,1000,20,2,01:20.1
24005,1000,8,3,01:20.3
24006,1000,817,4,01:20.0
24007,1000,822,5,01:21.7
24008,1000,842,6,01:21.7
24009,1000,825,7,01:21.3
24010,1000,4,8,01:22.1
24011,1000,832,9,01:22.8
24012,1000,154,10,01:22.6
24013,1000,843,11,01:22.6
24014,1000,807,12,01:21.3
24015,1000,839,13,01:22.9
24016,1000,815,14,01:23.3
24017,1000,828,15,01:23.7
24018,1000,845,16,01:23.7
24019,1000,840,17,01:22.7
24020,1000,838,null,01:23.1
24021,1000,830,null,01:24.0
24022,1000,844,null,null
23983,999,1,1,01:15.5
23984,999,822,2,01:15.7
23985,999,8,3,01:16.0
23986,999,830,4,01:15.9
23987,999,807,5,01:17.9
23988,999,154,6,01:16.7
23989,999,815,7,01:17.9
23990,999,839,8,01:17.9
23991,999,828,9,01:17.7
23992,999,843,10,01:17.7
23993,999,825,11,01:17.7
23994,999,832,12,01:17.4
23995,999,838,13,01:17.5
23996,999,842,14,01:17.8
23997,999,844,15,01:17.9
23998,999,4,16,01:17.7
23999,999,840,null,01:18.9
24000,999,20,null,01:17.3
24001,999,845,null,01:18.9
24002,999,817,null,01:18.3
23962,998,20,1,01:30.7
23963,998,1,2,01:31.2
23964,998,8,3,01:30.8
23965,998,822,4,01:31.4
23966,998,817,5,01:31.6
23967,998,807,6,01:33.4
23968,998,839,7,01:33.6
23969,998,4,8,01:33.5
23970,998,825,9,01:33.6
23971,998,815,10,01:33.5
23972,998,838,11,01:33.6
23973,998,840,12,01:33.9
23974,998,842,13,01:33.5
23975,998,845,14,01:34.6
23982,998,843,null,null
23977,998,830,null,01:32.0
23978,998,154,null,01:34.4
23979,998,832,null,01:34.6
23980,998,828,null,01:33.7
23981,998,844,null,01:35.2
23942,997,830,1,01:07.4
23943,997,8,2,01:07.0
23944,997,20,3,01:07.1
23945,997,154,4,01:09.1
23946,997,825,5,01:08.5
23947,997,839,6,01:08.8
23948,997,815,7,01:08.5
23949,997,4,8,01:08.7
23950,997,844,9,01:09.0
23951,997,828,10,01:08.2
23952,997,842,11,01:09.3
23953,997,832,12,01:08.8
23954,997,845,13,01:09.0
23955,997,840,14,01:09.2
23956,997,838,15,01:08.9
23957,997,1,null,01:07.2
23958,997,843,null,01:09.2
23959,997,817,null,01:07.6
23960,997,822,null,01:09.0
23961,997,807,null,01:10.4
23922,996,1,1,01:34.5
23923,996,830,2,01:34.3
23924,996,8,3,01:34.4
23925,996,817,4,01:35.4
23926,996,20,5,01:34.5
23927,996,825,6,01:35.4
23928,996,822,7,01:34.2
23929,996,832,8,01:35.6
23930,996,807,9,01:35.9
23931,996,844,10,01:36.0
23932,996,154,11,01:35.7
23933,996,838,12,01:36.7
23934,996,828,13,01:36.5
23935,996,843,14,01:36.8
23936,996,845,15,01:38.3
23937,996,4,16,01:35.1
23938,996,840,17,01:38.3
23939,996,815,null,01:38.3
23940,996,839,null,null
23941,996,842,null,null
23902,995,20,1,01:14.0
23903,995,822,2,01:14.0
23904,995,830,3,01:13.9
23905,995,817,4,01:14.2
23906,995,1,5,01:14.2
23907,995,8,6,01:14.1
23908,995,807,7,01:15.6
23909,995,832,8,01:15.7
23910,995,839,9,01:15.6
23911,995,844,10,01:15.5
23912,995,842,11,01:15.7
23913,995,154,12,01:15.5
23914,995,825,13,01:15.4
23915,995,815,14,01:15.1
23916,995,828,15,01:16.4
23917,995,838,16,01:15.8
23918,995,845,17,01:15.9
23919,995,4,null,01:16.2
23920,995,843,null,null
23921,995,840,null,null
23882,994,817,1,01:15.6
23883,994,20,2,01:16.1
23884,994,1,3,01:16.3
23885,994,8,4,01:16.4
23886,994,822,5,01:16.3
23887,994,839,6,01:17.0
23888,994,842,7,01:17.1
23889,994,807,8,01:16.1
23890,994,830,9,01:14.3
23891,994,832,10,01:17.5
23892,994,828,11,01:16.9
23893,994,815,12,01:17.5
23894,994,825,13,01:17.5
23895,994,838,14,01:16.9
23896,994,154,15,01:14.8
23897,994,845,16,01:15.3
23898,994,840,17,01:14.9
23899,994,844,null,01:17.7
23900,994,843,null,01:17.2
23901,994,4,null,01:17.0
23862,993,1,1,01:19.1
23863,993,822,2,01:19.5
23864,993,830,3,01:19.4
23865,993,20,4,01:19.1
23866,993,817,5,01:18.4
23867,993,825,6,01:20.2
23868,993,832,7,01:21.3
23869,993,4,8,01:20.7
23870,993,815,9,01:21.1
23871,993,844,10,01:22.1
23872,993,840,11,01:22.1
23873,993,843,12,01:21.4
23874,993,828,13,01:22.5
23875,993,845,14,01:22.7
23876,993,838,null,01:22.6
23877,993,839,null,01:22.1
23878,993,8,null,01:21.5
23879,993,154,null,null
23880,993,842,null,null
23881,993,807,null,null
23842,992,1,1,01:45.4
23843,992,8,2,01:46.5
23844,992,815,3,01:46.2
23845,992,20,4,01:45.5
23846,992,832,5,01:46.9
23847,992,844,6,01:47.4
23848,992,4,7,01:47.4
23849,992,840,8,01:46.8
23850,992,838,9,01:47.7
23851,992,843,10,01:48.3
23852,992,828,11,01:47.9
23853,992,842,12,01:48.0
23854,992,825,13,01:48.2
23855,992,822,null,01:45.1
23856,992,154,null,01:46.9
23857,992,830,null,01:45.8
23858,992,817,null,01:45.4
23859,992,807,null,01:48.9
23860,992,839,null,null
23861,992,845,null,null
23822,991,817,1,01:35.8
23823,991,822,2,01:37.0
23824,991,8,3,01:36.5
23825,991,1,4,01:36.9
23826,991,830,5,01:36.2
23827,991,807,6,01:36.9
23828,991,4,7,01:37.2
23829,991,20,8,01:37.5
23830,991,832,9,01:37.8
23831,991,825,10,01:38.2
23832,991,839,11,01:38.0
23833,991,815,12,01:37.7
23834,991,838,13,01:38.1
23835,991,840,14,01:38.5
23836,991,845,15,01:38.6
23837,991,828,16,01:38.4
23838,991,154,17,01:37.4
23839,991,842,18,01:38.4
23840,991,844,19,01:38.8
23841,991,843,20,01:39.4
23802,990,20,1,01:34.5
23803,990,822,2,01:33.7
23804,990,1,3,01:34.0
23805,990,842,4,01:34.9
23806,990,825,5,01:34.3
23807,990,807,6,01:34.7
23808,990,4,7,01:34.2
23809,990,838,8,01:35.1
23810,990,828,9,01:35.1
23811,990,839,10,01:35.0
23812,990,832,11,01:35.5
23813,990,844,12,01:35.1
23814,990,154,13,01:34.7
23815,990,840,14,01:35.1
23816,990,845,15,01:34.1
23817,990,815,16,01:35.3
23818,990,843,17,01:34.6
23819,990,8,null,01:34.3
23820,990,830,null,null
23821,990,817,null,null
23782,989,20,1,01:26.5
23783,989,1,2,01:26.4
23784,989,8,3,01:26.4
23785,989,817,4,01:25.9
23786,989,4,5,01:27.0
23787,989,830,6,01:26.9
23788,989,807,7,01:27.1
23789,989,822,8,01:27.0
23790,989,838,9,01:27.0
23791,989,832,10,01:27.9
23792,989,815,11,01:27.6
23793,989,839,12,01:27.6
23794,989,844,13,01:28.8
23795,989,840,14,01:28.5
23796,989,843,15,01:28.2
23797,989,154,null,01:28.8
23798,989,825,null,01:29.5
23799,989,842,null,01:30.6
23800,989,828,null,01:32.2
23801,989,845,null,01:32.6
